ID,Req. Timestamp,Resp. Timestamp,Method,URL,Code,Reason,RTT,Size Resp. Header,Size Resp. Body
139,Mon Feb 02 16:07:40 GMT+06:00 2026,Mon Feb 02 16:07:40 GMT+06:00 2026,GET,https://amarsolution.xyz/8815501145099330479,200,OK,72,460,524
140,Mon Feb 02 16:07:40 GMT+06:00 2026,Mon Feb 02 16:07:40 GMT+06:00 2026,GET,https://amarsolution.xyz/242939205048143887,200,OK,70,460,524
142,Mon Feb 02 16:07:40 GMT+06:00 2026,Mon Feb 02 16:07:40 GMT+06:00 2026,GET,https://amarsolution.xyz/assets/415361187403732266,200,OK,72,460,524
144,Mon Feb 02 16:07:40 GMT+06:00 2026,Mon Feb 02 16:07:40 GMT+06:00 2026,GET,https://amarsolution.xyz/assets/8985978819105234640,200,OK,73,460,524
147,Mon Feb 02 16:07:40 GMT+06:00 2026,Mon Feb 02 16:07:40 GMT+06:00 2026,GET,https://amarsolution.xyz/backend/2274668125721958583,200,OK,73,460,524
148,Mon Feb 02 16:07:40 GMT+06:00 2026,Mon Feb 02 16:07:40 GMT+06:00 2026,GET,https://amarsolution.xyz/backend/7628449636787776336,200,OK,73,460,524
153,Mon Feb 02 16:07:40 GMT+06:00 2026,Mon Feb 02 16:07:40 GMT+06:00 2026,GET,https://amarsolution.xyz/backend/main/5274611803777394262,404,Not Found,159,440,29
155,Mon Feb 02 16:07:40 GMT+06:00 2026,Mon Feb 02 16:07:40 GMT+06:00 2026,GET,https://amarsolution.xyz/backend/main/api/7131236741294610209,404,Not Found,154,472,29
157,Mon Feb 02 16:07:40 GMT+06:00 2026,Mon Feb 02 16:07:41 GMT+06:00 2026,GET,https://amarsolution.xyz,200,OK,257,460,524
158,Mon Feb 02 16:07:41 GMT+06:00 2026,Mon Feb 02 16:07:41 GMT+06:00 2026,GET,https://amarsolution.xyz/assets,301,Moved Permanently,90,429,178
159,Mon Feb 02 16:07:41 GMT+06:00 2026,Mon Feb 02 16:07:41 GMT+06:00 2026,GET,https://amarsolution.xyz/backend,200,OK,76,460,524
160,Mon Feb 02 16:07:41 GMT+06:00 2026,Mon Feb 02 16:07:41 GMT+06:00 2026,GET,https://amarsolution.xyz/backend/main,301,Moved Permanently,72,435,178
163,Mon Feb 02 16:07:41 GMT+06:00 2026,Mon Feb 02 16:07:41 GMT+06:00 2026,GET,https://amarsolution.xyz/backend/main/api,404,Not Found,165,440,29
172,Mon Feb 02 16:07:50 GMT+06:00 2026,Mon Feb 02 16:07:50 GMT+06:00 2026,GET,https://amarsolution.xyz,200,OK,246,460,524
174,Mon Feb 02 16:07:50 GMT+06:00 2026,Mon Feb 02 16:07:50 GMT+06:00 2026,GET,https://amarsolution.xyz/assets,301,Moved Permanently,70,429,178
175,Mon Feb 02 16:07:51 GMT+06:00 2026,Mon Feb 02 16:07:51 GMT+06:00 2026,GET,https://amarsolution.xyz/backend,200,OK,70,460,524
176,Mon Feb 02 16:07:51 GMT+06:00 2026,Mon Feb 02 16:07:51 GMT+06:00 2026,GET,https://amarsolution.xyz/backend/main,301,Moved Permanently,69,435,178
177,Mon Feb 02 16:07:51 GMT+06:00 2026,Mon Feb 02 16:07:51 GMT+06:00 2026,GET,https://amarsolution.xyz/backend/main/api,404,Not Found,165,440,29
178,Mon Feb 02 16:07:51 GMT+06:00 2026,Mon Feb 02 16:07:51 GMT+06:00 2026,GET,https://amarsolution.xyz,200,OK,190,460,524
180,Mon Feb 02 16:07:51 GMT+06:00 2026,Mon Feb 02 16:07:51 GMT+06:00 2026,GET,https://amarsolution.xyz/WEB-INF/web.xml,200,OK,206,460,524
182,Mon Feb 02 16:07:52 GMT+06:00 2026,Mon Feb 02 16:07:52 GMT+06:00 2026,GET,https://amarsolution.xyz/WEB-INF/applicationContext.xml,200,OK,64,460,524
181,Mon Feb 02 16:07:52 GMT+06:00 2026,Mon Feb 02 16:07:52 GMT+06:00 2026,GET,https://amarsolution.xyz/assets,301,Moved Permanently,62,429,178
184,Mon Feb 02 16:07:52 GMT+06:00 2026,Mon Feb 02 16:07:52 GMT+06:00 2026,GET,https://amarsolution.xyz/WEB-INF/classes/vite/svg.class,200,OK,64,460,524
186,Mon Feb 02 16:07:53 GMT+06:00 2026,Mon Feb 02 16:07:53 GMT+06:00 2026,GET,https://amarsolution.xyz/backend,200,OK,68,460,524
187,Mon Feb 02 16:07:53 GMT+06:00 2026,Mon Feb 02 16:07:53 GMT+06:00 2026,GET,https://amarsolution.xyz/WEB-INF/classes/1/0.class,200,OK,71,460,524
188,Mon Feb 02 16:07:53 GMT+06:00 2026,Mon Feb 02 16:07:53 GMT+06:00 2026,GET,https://amarsolution.xyz/backend/main,301,Moved Permanently,68,435,178
189,Mon Feb 02 16:07:53 GMT+06:00 2026,Mon Feb 02 16:07:53 GMT+06:00 2026,GET,https://amarsolution.xyz/WEB-INF/classes/e46c8535/js.class,200,OK,72,460,524
190,Mon Feb 02 16:07:53 GMT+06:00 2026,Mon Feb 02 16:07:53 GMT+06:00 2026,GET,https://amarsolution.xyz/WEB-INF/classes/f776b6eb/css.class,200,OK,63,460,524
191,Mon Feb 02 16:07:53 GMT+06:00 2026,Mon Feb 02 16:07:54 GMT+06:00 2026,GET,https://amarsolution.xyz/backend/main/api,404,Not Found,151,440,29
192,Mon Feb 02 16:07:54 GMT+06:00 2026,Mon Feb 02 16:07:54 GMT+06:00 2026,GET,https://amarsolution.xyz,200,OK,69,460,524
193,Mon Feb 02 16:07:54 GMT+06:00 2026,Mon Feb 02 16:07:54 GMT+06:00 2026,GET,https://amarsolution.xyz/assets,301,Moved Permanently,74,429,178
194,Mon Feb 02 16:07:54 GMT+06:00 2026,Mon Feb 02 16:07:54 GMT+06:00 2026,GET,https://amarsolution.xyz/assets?-s,301,Moved Permanently,76,432,178
195,Mon Feb 02 16:07:54 GMT+06:00 2026,Mon Feb 02 16:07:54 GMT+06:00 2026,GET,https://amarsolution.xyz/backend,200,OK,96,460,524
196,Mon Feb 02 16:07:54 GMT+06:00 2026,Mon Feb 02 16:07:54 GMT+06:00 2026,GET,https://amarsolution.xyz/backend/main,301,Moved Permanently,62,435,178
197,Mon Feb 02 16:07:54 GMT+06:00 2026,Mon Feb 02 16:07:54 GMT+06:00 2026,GET,https://amarsolution.xyz/assets/index-f776b6eb.css?-s,200,OK,263,383,115912
198,Mon Feb 02 16:07:54 GMT+06:00 2026,Mon Feb 02 16:07:54 GMT+06:00 2026,GET,https://amarsolution.xyz/backend/main?-s,301,Moved Permanently,66,438,178
199,Mon Feb 02 16:07:54 GMT+06:00 2026,Mon Feb 02 16:07:54 GMT+06:00 2026,GET,https://amarsolution.xyz/backend/main/api,404,Not Found,146,440,29
200,Mon Feb 02 16:07:54 GMT+06:00 2026,Mon Feb 02 16:07:54 GMT+06:00 2026,GET,https://amarsolution.xyz/vite.svg?-s,200,OK,63,361,1497
201,Mon Feb 02 16:07:54 GMT+06:00 2026,Mon Feb 02 16:07:54 GMT+06:00 2026,GET,https://amarsolution.xyz,200,OK,65,460,524
202,Mon Feb 02 16:07:54 GMT+06:00 2026,Mon Feb 02 16:07:54 GMT+06:00 2026,POST,https://amarsolution.xyz/?-d+allow_url_include%3d1+-d+auto_prepend_file%3dphp://input,405,Not Allowed,65,379,568
203,Mon Feb 02 16:07:54 GMT+06:00 2026,Mon Feb 02 16:07:55 GMT+06:00 2026,GET,https://amarsolution.xyz/assets,301,Moved Permanently,75,429,178
204,Mon Feb 02 16:07:54 GMT+06:00 2026,Mon Feb 02 16:07:55 GMT+06:00 2026,POST,https://amarsolution.xyz/?-d+allow_url_include%3d1+-d+auto_prepend_file%3dphp://input,405,Not Allowed,75,379,568
205,Mon Feb 02 16:07:55 GMT+06:00 2026,Mon Feb 02 16:07:55 GMT+06:00 2026,POST,https://amarsolution.xyz/assets?-d+allow_url_include%3d1+-d+auto_prepend_file%3dphp://input,301,Moved Permanently,66,489,178
206,Mon Feb 02 16:07:55 GMT+06:00 2026,Mon Feb 02 16:07:55 GMT+06:00 2026,POST,https://amarsolution.xyz/assets/index-e46c8535.js?-d+allow_url_include%3d1+-d+auto_prepend_file%3dphp://input,405,Not Allowed,77,166,568
207,Mon Feb 02 16:07:54 GMT+06:00 2026,Mon Feb 02 16:07:55 GMT+06:00 2026,POST,https://amarsolution.xyz/?-d+allow_url_include%3d1+-d+auto_prepend_file%3dphp://input,405,Not Allowed,218,379,568
208,Mon Feb 02 16:07:55 GMT+06:00 2026,Mon Feb 02 16:07:55 GMT+06:00 2026,POST,https://amarsolution.xyz/assets?-d+allow_url_include%3d1+-d+auto_prepend_file%3dphp://input,301,Moved Permanently,75,489,178
209,Mon Feb 02 16:07:55 GMT+06:00 2026,Mon Feb 02 16:07:55 GMT+06:00 2026,POST,https://amarsolution.xyz/assets/index-e46c8535.js?-d+allow_url_include%3d1+-d+auto_prepend_file%3dphp://input,405,Not Allowed,75,166,568
210,Mon Feb 02 16:07:55 GMT+06:00 2026,Mon Feb 02 16:07:55 GMT+06:00 2026,POST,https://amarsolution.xyz/?-d+allow_url_include%3d1+-d+auto_prepend_file%3dphp://input,405,Not Allowed,88,379,568
211,Mon Feb 02 16:07:55 GMT+06:00 2026,Mon Feb 02 16:07:55 GMT+06:00 2026,POST,https://amarsolution.xyz/assets/login-beeda917.js?-d+allow_url_include%3d1+-d+auto_prepend_file%3dphp://input,405,Not Allowed,199,166,568
212,Mon Feb 02 16:07:55 GMT+06:00 2026,Mon Feb 02 16:07:55 GMT+06:00 2026,GET,https://amarsolution.xyz/backend,200,OK,204,460,524
213,Mon Feb 02 16:07:55 GMT+06:00 2026,Mon Feb 02 16:07:55 GMT+06:00 2026,GET,https://amarsolution.xyz/backend/main,301,Moved Permanently,61,435,178
214,Mon Feb 02 16:07:55 GMT+06:00 2026,Mon Feb 02 16:07:55 GMT+06:00 2026,POST,https://amarsolution.xyz/assets/login-beeda917.js?-d+allow_url_include%3d1+-d+auto_prepend_file%3dphp://input,405,Not Allowed,62,166,568
215,Mon Feb 02 16:07:55 GMT+06:00 2026,Mon Feb 02 16:07:55 GMT+06:00 2026,POST,https://amarsolution.xyz/assets/index-f776b6eb.css?-d+allow_url_include%3d1+-d+auto_prepend_file%3dphp://input,405,Not Allowed,274,166,568
216,Mon Feb 02 16:07:55 GMT+06:00 2026,Mon Feb 02 16:07:55 GMT+06:00 2026,POST,https://amarsolution.xyz/backend?-d+allow_url_include%3d1+-d+auto_prepend_file%3dphp://input,405,Not Allowed,66,379,568
217,Mon Feb 02 16:07:55 GMT+06:00 2026,Mon Feb 02 16:07:55 GMT+06:00 2026,POST,https://amarsolution.xyz/backend/main?-d+allow_url_include%3d1+-d+auto_prepend_file%3dphp://input,301,Moved Permanently,59,495,178
218,Mon Feb 02 16:07:55 GMT+06:00 2026,Mon Feb 02 16:07:55 GMT+06:00 2026,POST,https://amarsolution.xyz/backend?-d+allow_url_include%3d1+-d+auto_prepend_file%3dphp://input,405,Not Allowed,62,379,568
219,Mon Feb 02 16:07:55 GMT+06:00 2026,Mon Feb 02 16:07:55 GMT+06:00 2026,POST,https://amarsolution.xyz/assets/index-f776b6eb.css?-d+allow_url_include%3d1+-d+auto_prepend_file%3dphp://input,405,Not Allowed,69,166,568
221,Mon Feb 02 16:07:55 GMT+06:00 2026,Mon Feb 02 16:07:55 GMT+06:00 2026,POST,https://amarsolution.xyz/backend/main?-d+allow_url_include%3d1+-d+auto_prepend_file%3dphp://input,301,Moved Permanently,76,495,178
222,Mon Feb 02 16:07:55 GMT+06:00 2026,Mon Feb 02 16:07:55 GMT+06:00 2026,GET,https://amarsolution.xyz/backend/main/api,404,Not Found,141,440,29
223,Mon Feb 02 16:07:55 GMT+06:00 2026,Mon Feb 02 16:07:55 GMT+06:00 2026,POST,https://amarsolution.xyz/vite.svg?-d+allow_url_include%3d1+-d+auto_prepend_file%3dphp://input,405,Not Allowed,65,166,568
224,Mon Feb 02 16:07:55 GMT+06:00 2026,Mon Feb 02 16:07:55 GMT+06:00 2026,POST,https://amarsolution.xyz/sitemap.xml?-d+allow_url_include%3d1+-d+auto_prepend_file%3dphp://input,405,Not Allowed,69,379,568
225,Mon Feb 02 16:07:55 GMT+06:00 2026,Mon Feb 02 16:07:55 GMT+06:00 2026,POST,https://amarsolution.xyz/robots.txt?-d+allow_url_include%3d1+-d+auto_prepend_file%3dphp://input,405,Not Allowed,72,379,568
226,Mon Feb 02 16:07:55 GMT+06:00 2026,Mon Feb 02 16:07:55 GMT+06:00 2026,POST,https://amarsolution.xyz/backend/main/api?-d+allow_url_include%3d1+-d+auto_prepend_file%3dphp://input,404,Not Found,130,440,29
227,Mon Feb 02 16:07:55 GMT+06:00 2026,Mon Feb 02 16:07:55 GMT+06:00 2026,POST,https://amarsolution.xyz/vite.svg?-d+allow_url_include%3d1+-d+auto_prepend_file%3dphp://input,405,Not Allowed,74,166,568
228,Mon Feb 02 16:07:55 GMT+06:00 2026,Mon Feb 02 16:07:55 GMT+06:00 2026,POST,https://amarsolution.xyz/sitemap.xml?-d+allow_url_include%3d1+-d+auto_prepend_file%3dphp://input,405,Not Allowed,71,379,568
229,Mon Feb 02 16:07:55 GMT+06:00 2026,Mon Feb 02 16:07:55 GMT+06:00 2026,POST,https://amarsolution.xyz/backend/main/api/user?-d+allow_url_include%3d1+-d+auto_prepend_file%3dphp://input,405,Method Not Allowed,155,458,36
230,Mon Feb 02 16:07:55 GMT+06:00 2026,Mon Feb 02 16:07:55 GMT+06:00 2026,POST,https://amarsolution.xyz/robots.txt?-d+allow_url_include%3d1+-d+auto_prepend_file%3dphp://input,405,Not Allowed,70,379,568
231,Mon Feb 02 16:07:55 GMT+06:00 2026,Mon Feb 02 16:07:55 GMT+06:00 2026,POST,https://amarsolution.xyz/backend/main/api/user?-d+allow_url_include%3d1+-d+auto_prepend_file%3dphp://input,405,Method Not Allowed,153,458,36
232,Mon Feb 02 16:07:55 GMT+06:00 2026,Mon Feb 02 16:07:55 GMT+06:00 2026,POST,https://amarsolution.xyz/backend/main/api?-d+allow_url_include%3d1+-d+auto_prepend_file%3dphp://input,404,Not Found,299,440,29
233,Mon Feb 02 16:07:55 GMT+06:00 2026,Mon Feb 02 16:07:56 GMT+06:00 2026,GET,https://amarsolution.xyz,200,OK,83,460,524
234,Mon Feb 02 16:07:56 GMT+06:00 2026,Mon Feb 02 16:07:56 GMT+06:00 2026,GET,https://amarsolution.xyz/assets,301,Moved Permanently,77,429,178
235,Mon Feb 02 16:07:56 GMT+06:00 2026,Mon Feb 02 16:07:56 GMT+06:00 2026,GET,https://amarsolution.xyz/backend,200,OK,75,460,524
236,Mon Feb 02 16:07:56 GMT+06:00 2026,Mon Feb 02 16:07:56 GMT+06:00 2026,GET,https://amarsolution.xyz/backend/main,301,Moved Permanently,70,435,178
237,Mon Feb 02 16:07:56 GMT+06:00 2026,Mon Feb 02 16:07:56 GMT+06:00 2026,GET,https://amarsolution.xyz/backend/main/api,404,Not Found,165,440,29
238,Mon Feb 02 16:07:56 GMT+06:00 2026,Mon Feb 02 16:07:56 GMT+06:00 2026,GET,https://amarsolution.xyz,200,OK,63,460,524
239,Mon Feb 02 16:07:56 GMT+06:00 2026,Mon Feb 02 16:07:56 GMT+06:00 2026,GET,https://amarsolution.xyz/assets,301,Moved Permanently,68,429,178
240,Mon Feb 02 16:07:56 GMT+06:00 2026,Mon Feb 02 16:07:56 GMT+06:00 2026,GET,https://amarsolution.xyz/backend,200,OK,63,460,524
241,Mon Feb 02 16:07:56 GMT+06:00 2026,Mon Feb 02 16:07:57 GMT+06:00 2026,GET,https://amarsolution.xyz/backend/main,301,Moved Permanently,63,435,178
242,Mon Feb 02 16:07:57 GMT+06:00 2026,Mon Feb 02 16:07:57 GMT+06:00 2026,GET,https://amarsolution.xyz/backend/main/api,404,Not Found,153,440,29
243,Mon Feb 02 16:07:57 GMT+06:00 2026,Mon Feb 02 16:07:57 GMT+06:00 2026,GET,https://amarsolution.xyz,200,OK,191,460,524
244,Mon Feb 02 16:07:57 GMT+06:00 2026,Mon Feb 02 16:07:57 GMT+06:00 2026,GET,https://amarsolution.xyz/assets,301,Moved Permanently,63,429,178
245,Mon Feb 02 16:07:57 GMT+06:00 2026,Mon Feb 02 16:07:57 GMT+06:00 2026,GET,https://amarsolution.xyz/backend,200,OK,66,460,524
246,Mon Feb 02 16:07:57 GMT+06:00 2026,Mon Feb 02 16:07:57 GMT+06:00 2026,GET,https://amarsolution.xyz/backend/main,301,Moved Permanently,63,435,178
247,Mon Feb 02 16:07:57 GMT+06:00 2026,Mon Feb 02 16:07:57 GMT+06:00 2026,GET,https://amarsolution.xyz/backend/main/api,404,Not Found,149,440,29
248,Mon Feb 02 16:07:57 GMT+06:00 2026,Mon Feb 02 16:07:58 GMT+06:00 2026,GET,https://amarsolution.xyz,200,OK,203,460,524
249,Mon Feb 02 16:07:58 GMT+06:00 2026,Mon Feb 02 16:07:58 GMT+06:00 2026,GET,https://amarsolution.xyz/assets,301,Moved Permanently,62,429,178
250,Mon Feb 02 16:07:58 GMT+06:00 2026,Mon Feb 02 16:07:58 GMT+06:00 2026,GET,https://amarsolution.xyz/backend,200,OK,72,460,524
251,Mon Feb 02 16:07:58 GMT+06:00 2026,Mon Feb 02 16:07:58 GMT+06:00 2026,GET,https://amarsolution.xyz/backend/main,301,Moved Permanently,62,435,178
252,Mon Feb 02 16:07:58 GMT+06:00 2026,Mon Feb 02 16:07:58 GMT+06:00 2026,GET,https://amarsolution.xyz/backend/main/api,404,Not Found,143,440,29
253,Mon Feb 02 16:07:58 GMT+06:00 2026,Mon Feb 02 16:07:58 GMT+06:00 2026,GET,https://amarsolution.xyz,200,OK,196,460,524
254,Mon Feb 02 16:07:58 GMT+06:00 2026,Mon Feb 02 16:07:58 GMT+06:00 2026,GET,https://amarsolution.xyz/,200,OK,209,460,524
255,Mon Feb 02 16:07:58 GMT+06:00 2026,Mon Feb 02 16:07:58 GMT+06:00 2026,GET,https://amarsolution.xyz/assets,301,Moved Permanently,66,429,178
256,Mon Feb 02 16:07:58 GMT+06:00 2026,Mon Feb 02 16:07:58 GMT+06:00 2026,GET,https://amarsolution.xyz/backend,200,OK,64,460,524
257,Mon Feb 02 16:07:58 GMT+06:00 2026,Mon Feb 02 16:07:58 GMT+06:00 2026,GET,https://amarsolution.xyz/assets,301,Moved Permanently,70,429,178
258,Mon Feb 02 16:07:58 GMT+06:00 2026,Mon Feb 02 16:07:58 GMT+06:00 2026,GET,https://amarsolution.xyz/backend/main,301,Moved Permanently,64,435,178
259,Mon Feb 02 16:07:58 GMT+06:00 2026,Mon Feb 02 16:07:58 GMT+06:00 2026,GET,https://amarsolution.xyz,200,OK,218,460,524
260,Mon Feb 02 16:07:58 GMT+06:00 2026,Mon Feb 02 16:07:58 GMT+06:00 2026,GET,https://amarsolution.xyz/backend/main,301,Moved Permanently,69,435,178
261,Mon Feb 02 16:07:58 GMT+06:00 2026,Mon Feb 02 16:07:58 GMT+06:00 2026,GET,https://amarsolution.xyz/assets/login-beeda917.js,200,OK,209,394,5433
262,Mon Feb 02 16:07:58 GMT+06:00 2026,Mon Feb 02 16:07:58 GMT+06:00 2026,GET,https://amarsolution.xyz/backend,200,OK,193,460,524
263,Mon Feb 02 16:07:58 GMT+06:00 2026,Mon Feb 02 16:07:58 GMT+06:00 2026,GET,https://amarsolution.xyz/backend/main/api,404,Not Found,169,440,29
264,Mon Feb 02 16:07:58 GMT+06:00 2026,Mon Feb 02 16:07:59 GMT+06:00 2026,GET,https://amarsolution.xyz/assets/index-f776b6eb.css,200,OK,351,383,115912
265,Mon Feb 02 16:07:58 GMT+06:00 2026,Mon Feb 02 16:07:59 GMT+06:00 2026,GET,https://amarsolution.xyz/backend/main/api,404,Not Found,242,440,29
266,Mon Feb 02 16:07:58 GMT+06:00 2026,Mon Feb 02 16:07:59 GMT+06:00 2026,GET,https://amarsolution.xyz/robots.txt,200,OK,243,460,524
267,Mon Feb 02 16:07:58 GMT+06:00 2026,Mon Feb 02 16:07:59 GMT+06:00 2026,GET,https://amarsolution.xyz/sitemap.xml,200,OK,241,460,524
268,Mon Feb 02 16:07:58 GMT+06:00 2026,Mon Feb 02 16:07:59 GMT+06:00 2026,GET,https://amarsolution.xyz/backend/main/api/user,401,Unauthorized,308,452,29
269,Mon Feb 02 16:07:58 GMT+06:00 2026,Mon Feb 02 16:07:59 GMT+06:00 2026,GET,https://amarsolution.xyz/vite.svg,200,OK,306,361,1497
270,Mon Feb 02 16:07:58 GMT+06:00 2026,Mon Feb 02 16:07:59 GMT+06:00 2026,GET,https://amarsolution.xyz/assets/index-e46c8535.js,200,OK,1076,399,4097806
271,Mon Feb 02 16:07:59 GMT+06:00 2026,Mon Feb 02 16:07:59 GMT+06:00 2026,GET,https://amarsolution.xyz,200,OK,57,460,524
272,Mon Feb 02 16:07:59 GMT+06:00 2026,Mon Feb 02 16:07:59 GMT+06:00 2026,GET,https://amarsolution.xyz/assets,301,Moved Permanently,58,429,178
273,Mon Feb 02 16:07:59 GMT+06:00 2026,Mon Feb 02 16:08:00 GMT+06:00 2026,GET,https://amarsolution.xyz/backend,200,OK,57,460,524
274,Mon Feb 02 16:08:00 GMT+06:00 2026,Mon Feb 02 16:08:00 GMT+06:00 2026,GET,https://amarsolution.xyz/backend/main,301,Moved Permanently,57,435,178
275,Mon Feb 02 16:08:00 GMT+06:00 2026,Mon Feb 02 16:08:00 GMT+06:00 2026,GET,https://amarsolution.xyz/backend/main/api,404,Not Found,132,440,29
276,Mon Feb 02 16:08:00 GMT+06:00 2026,Mon Feb 02 16:08:00 GMT+06:00 2026,GET,https://amarsolution.xyz,200,OK,63,460,524
277,Mon Feb 02 16:08:00 GMT+06:00 2026,Mon Feb 02 16:08:00 GMT+06:00 2026,GET,https://amarsolution.xyz/assets,301,Moved Permanently,73,429,178
278,Mon Feb 02 16:08:00 GMT+06:00 2026,Mon Feb 02 16:08:00 GMT+06:00 2026,GET,https://amarsolution.xyz/backend,200,OK,72,460,524
279,Mon Feb 02 16:08:00 GMT+06:00 2026,Mon Feb 02 16:08:00 GMT+06:00 2026,GET,https://amarsolution.xyz/backend/main,301,Moved Permanently,64,435,178
280,Mon Feb 02 16:08:00 GMT+06:00 2026,Mon Feb 02 16:08:00 GMT+06:00 2026,GET,https://amarsolution.xyz/backend/main/api,404,Not Found,144,440,29
281,Mon Feb 02 16:08:00 GMT+06:00 2026,Mon Feb 02 16:08:00 GMT+06:00 2026,GET,https://amarsolution.xyz,200,OK,69,460,524
282,Mon Feb 02 16:08:00 GMT+06:00 2026,Mon Feb 02 16:08:00 GMT+06:00 2026,GET,https://amarsolution.xyz/assets,301,Moved Permanently,69,429,178
283,Mon Feb 02 16:08:00 GMT+06:00 2026,Mon Feb 02 16:08:00 GMT+06:00 2026,GET,https://amarsolution.xyz/backend,200,OK,72,460,524
284,Mon Feb 02 16:08:00 GMT+06:00 2026,Mon Feb 02 16:08:00 GMT+06:00 2026,GET,https://amarsolution.xyz/backend/main,301,Moved Permanently,69,435,178
285,Mon Feb 02 16:08:00 GMT+06:00 2026,Mon Feb 02 16:08:01 GMT+06:00 2026,GET,https://amarsolution.xyz/backend/main/api,404,Not Found,156,440,29
286,Mon Feb 02 16:08:01 GMT+06:00 2026,Mon Feb 02 16:08:01 GMT+06:00 2026,GET,https://amarsolution.xyz,200,OK,71,460,524
287,Mon Feb 02 16:08:01 GMT+06:00 2026,Mon Feb 02 16:08:01 GMT+06:00 2026,GET,https://amarsolution.xyz/assets,301,Moved Permanently,71,429,178
288,Mon Feb 02 16:08:01 GMT+06:00 2026,Mon Feb 02 16:08:01 GMT+06:00 2026,GET,https://amarsolution.xyz/backend,200,OK,75,460,524
289,Mon Feb 02 16:08:01 GMT+06:00 2026,Mon Feb 02 16:08:01 GMT+06:00 2026,GET,https://amarsolution.xyz/backend/main,301,Moved Permanently,72,435,178
290,Mon Feb 02 16:08:01 GMT+06:00 2026,Mon Feb 02 16:08:01 GMT+06:00 2026,GET,https://amarsolution.xyz/backend/main/api,404,Not Found,171,440,29
291,Mon Feb 02 16:08:01 GMT+06:00 2026,Mon Feb 02 16:08:01 GMT+06:00 2026,GET,https://amarsolution.xyz,200,OK,58,460,524
292,Mon Feb 02 16:08:01 GMT+06:00 2026,Mon Feb 02 16:08:01 GMT+06:00 2026,GET,https://amarsolution.xyz/assets,301,Moved Permanently,65,429,178
293,Mon Feb 02 16:08:01 GMT+06:00 2026,Mon Feb 02 16:08:01 GMT+06:00 2026,GET,https://amarsolution.xyz/backend,200,OK,57,460,524
294,Mon Feb 02 16:08:01 GMT+06:00 2026,Mon Feb 02 16:08:01 GMT+06:00 2026,GET,https://amarsolution.xyz/backend/main,301,Moved Permanently,59,435,178
295,Mon Feb 02 16:08:01 GMT+06:00 2026,Mon Feb 02 16:08:02 GMT+06:00 2026,GET,https://amarsolution.xyz/backend/main/api,404,Not Found,129,440,29
296,Mon Feb 02 16:08:02 GMT+06:00 2026,Mon Feb 02 16:08:02 GMT+06:00 2026,GET,https://amarsolution.xyz,200,OK,198,460,524
297,Mon Feb 02 16:08:02 GMT+06:00 2026,Mon Feb 02 16:08:02 GMT+06:00 2026,GET,https://amarsolution.xyz/assets,301,Moved Permanently,64,429,178
298,Mon Feb 02 16:08:02 GMT+06:00 2026,Mon Feb 02 16:08:02 GMT+06:00 2026,GET,https://amarsolution.xyz/backend,200,OK,74,460,524
299,Mon Feb 02 16:08:02 GMT+06:00 2026,Mon Feb 02 16:08:02 GMT+06:00 2026,GET,https://amarsolution.xyz/backend/main,301,Moved Permanently,65,435,178
300,Mon Feb 02 16:08:02 GMT+06:00 2026,Mon Feb 02 16:08:02 GMT+06:00 2026,GET,https://amarsolution.xyz/backend/main/api,404,Not Found,147,440,29
301,Mon Feb 02 16:08:02 GMT+06:00 2026,Mon Feb 02 16:08:02 GMT+06:00 2026,GET,https://amarsolution.xyz,200,OK,193,460,524
302,Mon Feb 02 16:08:02 GMT+06:00 2026,Mon Feb 02 16:08:03 GMT+06:00 2026,GET,https://amarsolution.xyz/assets,301,Moved Permanently,63,429,178
303,Mon Feb 02 16:08:03 GMT+06:00 2026,Mon Feb 02 16:08:03 GMT+06:00 2026,GET,https://amarsolution.xyz/backend,200,OK,68,460,524
304,Mon Feb 02 16:08:03 GMT+06:00 2026,Mon Feb 02 16:08:03 GMT+06:00 2026,GET,https://amarsolution.xyz/backend/main,301,Moved Permanently,330,435,178
305,Mon Feb 02 16:08:03 GMT+06:00 2026,Mon Feb 02 16:08:03 GMT+06:00 2026,GET,https://amarsolution.xyz/backend/main/api,404,Not Found,146,440,29
2107,Mon Feb 02 16:12:45 GMT+06:00 2026,Mon Feb 02 16:12:45 GMT+06:00 2026,GET,https://amarsolution.xyz,200,OK,57,460,524
2108,Mon Feb 02 16:12:45 GMT+06:00 2026,Mon Feb 02 16:12:45 GMT+06:00 2026,GET,https://amarsolution.xyz/assets,301,Moved Permanently,60,429,178
2112,Mon Feb 02 16:12:45 GMT+06:00 2026,Mon Feb 02 16:12:45 GMT+06:00 2026,GET,https://amarsolution.xyz/backend,200,OK,58,460,524
2115,Mon Feb 02 16:12:45 GMT+06:00 2026,Mon Feb 02 16:12:46 GMT+06:00 2026,GET,https://amarsolution.xyz/backend/main,301,Moved Permanently,59,435,178
2125,Mon Feb 02 16:12:46 GMT+06:00 2026,Mon Feb 02 16:12:46 GMT+06:00 2026,GET,https://amarsolution.xyz/backend/main/api,404,Not Found,135,440,29
2144,Mon Feb 02 16:12:46 GMT+06:00 2026,Mon Feb 02 16:12:46 GMT+06:00 2026,GET,https://amarsolution.xyz/?class.module.classLoader.DefaultAssertionStatus=nonsense,200,OK,190,460,524
2145,Mon Feb 02 16:12:46 GMT+06:00 2026,Mon Feb 02 16:12:46 GMT+06:00 2026,GET,https://amarsolution.xyz,200,OK,193,460,524
2150,Mon Feb 02 16:12:46 GMT+06:00 2026,Mon Feb 02 16:12:46 GMT+06:00 2026,POST,https://amarsolution.xyz/,405,Not Allowed,62,379,166
2151,Mon Feb 02 16:12:46 GMT+06:00 2026,Mon Feb 02 16:12:46 GMT+06:00 2026,GET,https://amarsolution.xyz/assets,301,Moved Permanently,64,429,178
2152,Mon Feb 02 16:12:46 GMT+06:00 2026,Mon Feb 02 16:12:46 GMT+06:00 2026,GET,https://amarsolution.xyz?class.module.classLoader.DefaultAssertionStatus=nonsense,400,Bad Request,63,374,166
2158,Mon Feb 02 16:12:46 GMT+06:00 2026,Mon Feb 02 16:12:46 GMT+06:00 2026,GET,https://amarsolution.xyz?aaa=bbb,400,Bad Request,64,374,166
2164,Mon Feb 02 16:12:46 GMT+06:00 2026,Mon Feb 02 16:12:46 GMT+06:00 2026,POST,https://amarsolution.xyz,405,Not Allowed,63,379,166
2165,Mon Feb 02 16:12:46 GMT+06:00 2026,Mon Feb 02 16:12:46 GMT+06:00 2026,GET,https://amarsolution.xyz/assets?class.module.classLoader.DefaultAssertionStatus=nonsense,403,Forbidden,63,377,162
2170,Mon Feb 02 16:12:46 GMT+06:00 2026,Mon Feb 02 16:12:46 GMT+06:00 2026,GET,https://amarsolution.xyz/backend,200,OK,199,460,524
2173,Mon Feb 02 16:12:46 GMT+06:00 2026,Mon Feb 02 16:12:46 GMT+06:00 2026,GET,https://amarsolution.xyz/assets/login-beeda917.js?class.module.classLoader.DefaultAssertionStatus=nonsense,200,OK,222,394,5433
2177,Mon Feb 02 16:12:46 GMT+06:00 2026,Mon Feb 02 16:12:46 GMT+06:00 2026,GET,https://amarsolution.xyz/backend/main,301,Moved Permanently,63,435,178
2180,Mon Feb 02 16:12:46 GMT+06:00 2026,Mon Feb 02 16:12:46 GMT+06:00 2026,GET,https://amarsolution.xyz/backend?class.module.classLoader.DefaultAssertionStatus=nonsense,200,OK,69,460,524
2181,Mon Feb 02 16:12:46 GMT+06:00 2026,Mon Feb 02 16:12:46 GMT+06:00 2026,POST,https://amarsolution.xyz/assets,403,Forbidden,73,377,162
2183,Mon Feb 02 16:12:46 GMT+06:00 2026,Mon Feb 02 16:12:46 GMT+06:00 2026,POST,https://amarsolution.xyz/assets/login-beeda917.js,405,Not Allowed,76,166,166
2186,Mon Feb 02 16:12:46 GMT+06:00 2026,Mon Feb 02 16:12:46 GMT+06:00 2026,POST,https://amarsolution.xyz/backend,405,Not Allowed,70,379,166
2190,Mon Feb 02 16:12:46 GMT+06:00 2026,Mon Feb 02 16:12:46 GMT+06:00 2026,GET,https://amarsolution.xyz/assets/index-f776b6eb.css?class.module.classLoader.DefaultAssertionStatus=nonsense,200,OK,380,383,115912
2193,Mon Feb 02 16:12:46 GMT+06:00 2026,Mon Feb 02 16:12:46 GMT+06:00 2026,GET,https://amarsolution.xyz/backend/main/api,404,Not Found,146,440,29
2196,Mon Feb 02 16:12:46 GMT+06:00 2026,Mon Feb 02 16:12:46 GMT+06:00 2026,POST,https://amarsolution.xyz/assets/index-f776b6eb.css,405,Not Allowed,63,166,166
2209,Mon Feb 02 16:12:46 GMT+06:00 2026,Mon Feb 02 16:12:47 GMT+06:00 2026,GET,https://amarsolution.xyz/backend/main/api?class.module.classLoader.DefaultAssertionStatus=nonsense,404,Not Found,154,440,29
2210,Mon Feb 02 16:12:46 GMT+06:00 2026,Mon Feb 02 16:12:46 GMT+06:00 2026,GET,https://amarsolution.xyz/backend/main?class.module.classLoader.DefaultAssertionStatus=nonsense,200,OK,71,1351,34565
2214,Mon Feb 02 16:12:46 GMT+06:00 2026,Mon Feb 02 16:12:47 GMT+06:00 2026,GET,https://amarsolution.xyz/sitemap.xml?class.module.classLoader.DefaultAssertionStatus=nonsense,200,OK,197,460,524
2215,Mon Feb 02 16:12:46 GMT+06:00 2026,Mon Feb 02 16:12:47 GMT+06:00 2026,GET,https://amarsolution.xyz/robots.txt?class.module.classLoader.DefaultAssertionStatus=nonsense,200,OK,209,460,524
2217,Mon Feb 02 16:12:46 GMT+06:00 2026,Mon Feb 02 16:12:47 GMT+06:00 2026,GET,https://amarsolution.xyz/vite.svg?class.module.classLoader.DefaultAssertionStatus=nonsense,200,OK,231,361,1497
2220,Mon Feb 02 16:12:47 GMT+06:00 2026,Mon Feb 02 16:12:47 GMT+06:00 2026,POST,https://amarsolution.xyz/sitemap.xml,405,Not Allowed,64,379,568
2222,Mon Feb 02 16:12:46 GMT+06:00 2026,Mon Feb 02 16:12:47 GMT+06:00 2026,GET,https://amarsolution.xyz/backend/main/api/user?class.module.classLoader.DefaultAssertionStatus=nonsense,401,Unauthorized,272,452,29
2225,Mon Feb 02 16:12:47 GMT+06:00 2026,Mon Feb 02 16:12:47 GMT+06:00 2026,POST,https://amarsolution.xyz/robots.txt,405,Not Allowed,69,379,568
2226,Mon Feb 02 16:12:46 GMT+06:00 2026,Mon Feb 02 16:12:47 GMT+06:00 2026,GET,https://amarsolution.xyz/assets/index-e46c8535.js?class.module.classLoader.DefaultAssertionStatus=nonsense,200,OK,703,399,4097806
2227,Mon Feb 02 16:12:47 GMT+06:00 2026,Mon Feb 02 16:12:47 GMT+06:00 2026,POST,https://amarsolution.xyz/backend/main/api,404,Not Found,155,440,29
2228,Mon Feb 02 16:12:47 GMT+06:00 2026,Mon Feb 02 16:12:47 GMT+06:00 2026,POST,https://amarsolution.xyz/vite.svg,405,Not Allowed,76,166,568
2235,Mon Feb 02 16:12:47 GMT+06:00 2026,Mon Feb 02 16:12:47 GMT+06:00 2026,POST,https://amarsolution.xyz/backend/main,200,OK,56,1351,34565
2236,Mon Feb 02 16:12:47 GMT+06:00 2026,Mon Feb 02 16:12:47 GMT+06:00 2026,POST,https://amarsolution.xyz/backend/main/api/user,405,Method Not Allowed,153,458,36
2238,Mon Feb 02 16:12:47 GMT+06:00 2026,Mon Feb 02 16:12:47 GMT+06:00 2026,POST,https://amarsolution.xyz/assets/index-e46c8535.js,405,Not Allowed,64,166,166
2248,Mon Feb 02 16:12:47 GMT+06:00 2026,Mon Feb 02 16:12:47 GMT+06:00 2026,GET,https://amarsolution.xyz,200,OK,63,460,524
2254,Mon Feb 02 16:12:47 GMT+06:00 2026,Mon Feb 02 16:12:47 GMT+06:00 2026,POST,https://amarsolution.xyz/,405,Not Allowed,78,379,166
2263,Mon Feb 02 16:12:47 GMT+06:00 2026,Mon Feb 02 16:12:47 GMT+06:00 2026,GET,https://amarsolution.xyz/assets,301,Moved Permanently,65,429,178
2272,Mon Feb 02 16:12:47 GMT+06:00 2026,Mon Feb 02 16:12:47 GMT+06:00 2026,GET,https://amarsolution.xyz/backend,200,OK,70,460,524
2277,Mon Feb 02 16:12:47 GMT+06:00 2026,Mon Feb 02 16:12:47 GMT+06:00 2026,GET,https://amarsolution.xyz/backend/main,301,Moved Permanently,64,435,178
2286,Mon Feb 02 16:12:47 GMT+06:00 2026,Mon Feb 02 16:12:48 GMT+06:00 2026,GET,https://amarsolution.xyz/backend/main/api,404,Not Found,151,440,29
2291,Mon Feb 02 16:12:48 GMT+06:00 2026,Mon Feb 02 16:12:48 GMT+06:00 2026,GET,https://amarsolution.xyz,200,OK,58,460,524
2297,Mon Feb 02 16:12:48 GMT+06:00 2026,Mon Feb 02 16:12:48 GMT+06:00 2026,GET,https://amarsolution.xyz/assets,301,Moved Permanently,56,429,178
2303,Mon Feb 02 16:12:48 GMT+06:00 2026,Mon Feb 02 16:12:48 GMT+06:00 2026,GET,https://amarsolution.xyz/backend,200,OK,63,460,524
2309,Mon Feb 02 16:12:48 GMT+06:00 2026,Mon Feb 02 16:12:48 GMT+06:00 2026,GET,https://amarsolution.xyz/backend/main,301,Moved Permanently,64,435,178
2319,Mon Feb 02 16:12:48 GMT+06:00 2026,Mon Feb 02 16:12:48 GMT+06:00 2026,GET,https://amarsolution.xyz/backend/main/api,404,Not Found,140,440,29
2324,Mon Feb 02 16:12:48 GMT+06:00 2026,Mon Feb 02 16:12:48 GMT+06:00 2026,GET,https://amarsolution.xyz,200,OK,76,460,524
2330,Mon Feb 02 16:12:48 GMT+06:00 2026,Mon Feb 02 16:12:48 GMT+06:00 2026,GET,https://amarsolution.xyz/assets,301,Moved Permanently,76,429,178
2335,Mon Feb 02 16:12:48 GMT+06:00 2026,Mon Feb 02 16:12:48 GMT+06:00 2026,GET,https://amarsolution.xyz/backend,200,OK,70,460,524
2340,Mon Feb 02 16:12:48 GMT+06:00 2026,Mon Feb 02 16:12:48 GMT+06:00 2026,GET,https://amarsolution.xyz/backend/main,301,Moved Permanently,69,435,178
2355,Mon Feb 02 16:12:48 GMT+06:00 2026,Mon Feb 02 16:12:49 GMT+06:00 2026,GET,https://amarsolution.xyz/backend/main/api,404,Not Found,154,440,29
2372,Mon Feb 02 16:12:49 GMT+06:00 2026,Mon Feb 02 16:12:49 GMT+06:00 2026,GET,https://amarsolution.xyz,200,OK,198,460,524
2378,Mon Feb 02 16:12:49 GMT+06:00 2026,Mon Feb 02 16:12:49 GMT+06:00 2026,GET,https://amarsolution.xyz/assets,301,Moved Permanently,63,429,178
2383,Mon Feb 02 16:12:49 GMT+06:00 2026,Mon Feb 02 16:12:49 GMT+06:00 2026,GET,https://amarsolution.xyz/backend,200,OK,65,460,524
2389,Mon Feb 02 16:12:49 GMT+06:00 2026,Mon Feb 02 16:12:49 GMT+06:00 2026,GET,https://amarsolution.xyz/backend/main,301,Moved Permanently,65,435,178
2414,Mon Feb 02 16:12:49 GMT+06:00 2026,Mon Feb 02 16:12:49 GMT+06:00 2026,GET,https://amarsolution.xyz/backend/main/api,404,Not Found,154,440,29
2430,Mon Feb 02 16:12:49 GMT+06:00 2026,Mon Feb 02 16:12:49 GMT+06:00 2026,GET,https://amarsolution.xyz,200,OK,200,460,524
2436,Mon Feb 02 16:12:49 GMT+06:00 2026,Mon Feb 02 16:12:49 GMT+06:00 2026,GET,https://amarsolution.xyz/assets,301,Moved Permanently,65,429,178
2442,Mon Feb 02 16:12:49 GMT+06:00 2026,Mon Feb 02 16:12:50 GMT+06:00 2026,GET,https://amarsolution.xyz/backend,200,OK,63,460,524
2447,Mon Feb 02 16:12:50 GMT+06:00 2026,Mon Feb 02 16:12:50 GMT+06:00 2026,GET,https://amarsolution.xyz/backend/main,301,Moved Permanently,63,435,178
2458,Mon Feb 02 16:12:50 GMT+06:00 2026,Mon Feb 02 16:12:50 GMT+06:00 2026,GET,https://amarsolution.xyz/backend/main/api,404,Not Found,138,440,29
2463,Mon Feb 02 16:12:50 GMT+06:00 2026,Mon Feb 02 16:12:50 GMT+06:00 2026,GET,https://amarsolution.xyz/latest/meta-data/,200,OK,58,460,524
2469,Mon Feb 02 16:12:50 GMT+06:00 2026,Mon Feb 02 16:12:50 GMT+06:00 2026,GET,https://amarsolution.xyz/latest/meta-data/,200,OK,65,460,524
2474,Mon Feb 02 16:12:50 GMT+06:00 2026,Mon Feb 02 16:12:50 GMT+06:00 2026,GET,https://amarsolution.xyz,200,OK,194,460,524
2475,Mon Feb 02 16:12:50 GMT+06:00 2026,Mon Feb 02 16:12:50 GMT+06:00 2026,GET,https://amarsolution.xyz/computeMetadata/v1/,200,OK,73,460,524
2480,Mon Feb 02 16:12:50 GMT+06:00 2026,Mon Feb 02 16:12:50 GMT+06:00 2026,GET,https://amarsolution.xyz/assets,301,Moved Permanently,62,429,178
2481,Mon Feb 02 16:12:50 GMT+06:00 2026,Mon Feb 02 16:12:50 GMT+06:00 2026,GET,https://amarsolution.xyz/computeMetadata/v1/,200,OK,65,460,524
2486,Mon Feb 02 16:12:50 GMT+06:00 2026,Mon Feb 02 16:12:50 GMT+06:00 2026,GET,https://amarsolution.xyz/opc/v1/instance/,200,OK,62,460,524
2487,Mon Feb 02 16:12:50 GMT+06:00 2026,Mon Feb 02 16:12:50 GMT+06:00 2026,GET,https://amarsolution.xyz/backend,200,OK,62,460,524
2492,Mon Feb 02 16:12:50 GMT+06:00 2026,Mon Feb 02 16:12:50 GMT+06:00 2026,GET,https://amarsolution.xyz/opc/v1/instance/,200,OK,64,460,524
2493,Mon Feb 02 16:12:50 GMT+06:00 2026,Mon Feb 02 16:12:50 GMT+06:00 2026,GET,https://amarsolution.xyz/backend/main,301,Moved Permanently,63,435,178
2498,Mon Feb 02 16:12:50 GMT+06:00 2026,Mon Feb 02 16:12:50 GMT+06:00 2026,GET,https://amarsolution.xyz/latest/meta-data/,200,OK,62,460,524
2503,Mon Feb 02 16:12:50 GMT+06:00 2026,Mon Feb 02 16:12:50 GMT+06:00 2026,GET,https://amarsolution.xyz/latest/meta-data/,200,OK,62,460,524
2504,Mon Feb 02 16:12:50 GMT+06:00 2026,Mon Feb 02 16:12:50 GMT+06:00 2026,GET,https://amarsolution.xyz/backend/main/api,404,Not Found,140,440,29
2507,Mon Feb 02 16:12:50 GMT+06:00 2026,Mon Feb 02 16:12:50 GMT+06:00 2026,GET,https://amarsolution.xyz/metadata/instance,200,OK,62,460,524
2513,Mon Feb 02 16:12:50 GMT+06:00 2026,Mon Feb 02 16:12:50 GMT+06:00 2026,GET,https://amarsolution.xyz,200,OK,63,460,524
2519,Mon Feb 02 16:12:50 GMT+06:00 2026,Mon Feb 02 16:12:50 GMT+06:00 2026,GET,https://amarsolution.xyz/assets,301,Moved Permanently,67,429,178
2524,Mon Feb 02 16:12:50 GMT+06:00 2026,Mon Feb 02 16:12:51 GMT+06:00 2026,GET,https://amarsolution.xyz/backend,200,OK,65,460,524
2530,Mon Feb 02 16:12:51 GMT+06:00 2026,Mon Feb 02 16:12:51 GMT+06:00 2026,GET,https://amarsolution.xyz/backend/main,301,Moved Permanently,65,435,178
2541,Mon Feb 02 16:12:51 GMT+06:00 2026,Mon Feb 02 16:12:51 GMT+06:00 2026,GET,https://amarsolution.xyz/backend/main/api,404,Not Found,144,440,29
2546,Mon Feb 02 16:12:51 GMT+06:00 2026,Mon Feb 02 16:12:51 GMT+06:00 2026,GET,https://amarsolution.xyz,200,OK,57,460,524
2551,Mon Feb 02 16:12:51 GMT+06:00 2026,Mon Feb 02 16:12:51 GMT+06:00 2026,GET,https://amarsolution.xyz/assets,301,Moved Permanently,57,429,178
2555,Mon Feb 02 16:12:51 GMT+06:00 2026,Mon Feb 02 16:12:51 GMT+06:00 2026,GET,https://amarsolution.xyz/backend,200,OK,55,460,524
2560,Mon Feb 02 16:12:51 GMT+06:00 2026,Mon Feb 02 16:12:51 GMT+06:00 2026,GET,https://amarsolution.xyz/backend/main,301,Moved Permanently,56,435,178
2571,Mon Feb 02 16:12:51 GMT+06:00 2026,Mon Feb 02 16:12:51 GMT+06:00 2026,GET,https://amarsolution.xyz/backend/main/api,404,Not Found,127,440,29
2576,Mon Feb 02 16:12:51 GMT+06:00 2026,Mon Feb 02 16:12:51 GMT+06:00 2026,GET,https://amarsolution.xyz,200,OK,65,460,524
2582,Mon Feb 02 16:12:51 GMT+06:00 2026,Mon Feb 02 16:12:51 GMT+06:00 2026,GET,https://amarsolution.xyz/assets,301,Moved Permanently,66,429,178
2587,Mon Feb 02 16:12:51 GMT+06:00 2026,Mon Feb 02 16:12:51 GMT+06:00 2026,GET,https://amarsolution.xyz/assets/,403,Forbidden,57,377,162
2589,Mon Feb 02 16:12:51 GMT+06:00 2026,Mon Feb 02 16:12:51 GMT+06:00 2026,GET,https://amarsolution.xyz/,200,OK,198,460,524
2590,Mon Feb 02 16:12:51 GMT+06:00 2026,Mon Feb 02 16:12:51 GMT+06:00 2026,GET,https://amarsolution.xyz/assets/index-e46c8535.js/,200,OK,64,460,524
2591,Mon Feb 02 16:12:51 GMT+06:00 2026,Mon Feb 02 16:12:51 GMT+06:00 2026,GET,https://amarsolution.xyz/,200,OK,177,460,524
2597,Mon Feb 02 16:12:51 GMT+06:00 2026,Mon Feb 02 16:12:51 GMT+06:00 2026,GET,https://amarsolution.xyz/assets/index-f776b6eb.css/,200,OK,175,460,524
2599,Mon Feb 02 16:12:51 GMT+06:00 2026,Mon Feb 02 16:12:51 GMT+06:00 2026,GET,https://amarsolution.xyz/assets/login-beeda917.js/,200,OK,191,460,524
2600,Mon Feb 02 16:12:51 GMT+06:00 2026,Mon Feb 02 16:12:51 GMT+06:00 2026,GET,https://amarsolution.xyz/backend,200,OK,194,460,524
2606,Mon Feb 02 16:12:51 GMT+06:00 2026,Mon Feb 02 16:12:52 GMT+06:00 2026,GET,https://amarsolution.xyz/backend/main,301,Moved Permanently,61,435,178
2607,Mon Feb 02 16:12:51 GMT+06:00 2026,Mon Feb 02 16:12:52 GMT+06:00 2026,GET,https://amarsolution.xyz/backend/,200,OK,63,460,524
2617,Mon Feb 02 16:12:52 GMT+06:00 2026,Mon Feb 02 16:12:52 GMT+06:00 2026,GET,https://amarsolution.xyz/backend/main/api,404,Not Found,144,440,29
2621,Mon Feb 02 16:12:52 GMT+06:00 2026,Mon Feb 02 16:12:52 GMT+06:00 2026,GET,https://amarsolution.xyz/robots.txt/,200,OK,67,460,524
2624,Mon Feb 02 16:12:52 GMT+06:00 2026,Mon Feb 02 16:12:52 GMT+06:00 2026,GET,https://amarsolution.xyz/backend/main/,200,OK,263,1351,34565
2626,Mon Feb 02 16:12:52 GMT+06:00 2026,Mon Feb 02 16:12:52 GMT+06:00 2026,GET,https://amarsolution.xyz/backend/main/api/,404,Not Found,153,440,29
2627,Mon Feb 02 16:12:52 GMT+06:00 2026,Mon Feb 02 16:12:52 GMT+06:00 2026,GET,https://amarsolution.xyz/backend/main/api/user/,401,Unauthorized,153,452,29
2632,Mon Feb 02 16:12:52 GMT+06:00 2026,Mon Feb 02 16:12:52 GMT+06:00 2026,GET,https://amarsolution.xyz/vite.svg/,200,OK,197,460,524
2633,Mon Feb 02 16:12:52 GMT+06:00 2026,Mon Feb 02 16:12:52 GMT+06:00 2026,GET,https://amarsolution.xyz/sitemap.xml/,200,OK,213,460,524
2640,Mon Feb 02 16:12:52 GMT+06:00 2026,Mon Feb 02 16:12:52 GMT+06:00 2026,GET,https://amarsolution.xyz,200,OK,78,460,524
2646,Mon Feb 02 16:12:52 GMT+06:00 2026,Mon Feb 02 16:12:52 GMT+06:00 2026,GET,https://amarsolution.xyz/assets,301,Moved Permanently,75,429,178
2650,Mon Feb 02 16:12:52 GMT+06:00 2026,Mon Feb 02 16:12:52 GMT+06:00 2026,GET,https://amarsolution.xyz/backend,200,OK,69,460,524
2654,Mon Feb 02 16:12:52 GMT+06:00 2026,Mon Feb 02 16:12:52 GMT+06:00 2026,GET,https://amarsolution.xyz/backend/main,301,Moved Permanently,69,435,178
2659,Mon Feb 02 16:12:52 GMT+06:00 2026,Mon Feb 02 16:12:52 GMT+06:00 2026,GET,https://amarsolution.xyz/backend/main/api,404,Not Found,159,440,29
2660,Mon Feb 02 16:12:52 GMT+06:00 2026,Mon Feb 02 16:12:52 GMT+06:00 2026,GET,https://amarsolution.xyz,200,OK,64,460,524
2662,Mon Feb 02 16:12:52 GMT+06:00 2026,Mon Feb 02 16:12:53 GMT+06:00 2026,GET,https://amarsolution.xyz/assets,301,Moved Permanently,66,429,178
2664,Mon Feb 02 16:12:53 GMT+06:00 2026,Mon Feb 02 16:12:53 GMT+06:00 2026,GET,https://amarsolution.xyz/backend,200,OK,57,460,524
2667,Mon Feb 02 16:12:53 GMT+06:00 2026,Mon Feb 02 16:12:53 GMT+06:00 2026,GET,https://amarsolution.xyz/backend/main,301,Moved Permanently,57,435,178
2670,Mon Feb 02 16:12:53 GMT+06:00 2026,Mon Feb 02 16:12:53 GMT+06:00 2026,GET,https://amarsolution.xyz/backend/main/api,404,Not Found,129,440,29
2672,Mon Feb 02 16:12:53 GMT+06:00 2026,Mon Feb 02 16:12:53 GMT+06:00 2026,GET,https://amarsolution.xyz,200,OK,63,460,524
2675,Mon Feb 02 16:12:53 GMT+06:00 2026,Mon Feb 02 16:12:53 GMT+06:00 2026,GET,https://amarsolution.xyz/assets,301,Moved Permanently,62,429,178
2677,Mon Feb 02 16:12:53 GMT+06:00 2026,Mon Feb 02 16:12:53 GMT+06:00 2026,GET,https://amarsolution.xyz/backend,200,OK,63,460,524
2678,Mon Feb 02 16:12:53 GMT+06:00 2026,Mon Feb 02 16:12:53 GMT+06:00 2026,GET,https://amarsolution.xyz/backend/main,301,Moved Permanently,70,435,178
2680,Mon Feb 02 16:12:53 GMT+06:00 2026,Mon Feb 02 16:12:53 GMT+06:00 2026,GET,https://amarsolution.xyz/backend/main/api,404,Not Found,141,440,29
2686,Mon Feb 02 16:12:53 GMT+06:00 2026,Mon Feb 02 16:12:53 GMT+06:00 2026,GET,https://amarsolution.xyz,200,OK,181,460,524
2687,Mon Feb 02 16:12:53 GMT+06:00 2026,Mon Feb 02 16:12:54 GMT+06:00 2026,GET,https://amarsolution.xyz/assets,301,Moved Permanently,58,429,178
2688,Mon Feb 02 16:12:54 GMT+06:00 2026,Mon Feb 02 16:12:54 GMT+06:00 2026,GET,https://amarsolution.xyz/backend,200,OK,58,460,524
2690,Mon Feb 02 16:12:54 GMT+06:00 2026,Mon Feb 02 16:12:54 GMT+06:00 2026,GET,https://amarsolution.xyz/backend/main,301,Moved Permanently,60,435,178
2691,Mon Feb 02 16:12:54 GMT+06:00 2026,Mon Feb 02 16:12:54 GMT+06:00 2026,GET,https://amarsolution.xyz/backend/main/api,404,Not Found,133,440,29
2697,Mon Feb 02 16:12:54 GMT+06:00 2026,Mon Feb 02 16:12:54 GMT+06:00 2026,GET,https://amarsolution.xyz,200,OK,195,460,524
2698,Mon Feb 02 16:12:54 GMT+06:00 2026,Mon Feb 02 16:12:54 GMT+06:00 2026,GET,https://amarsolution.xyz/trace.axd,200,OK,194,460,524
2699,Mon Feb 02 16:12:54 GMT+06:00 2026,Mon Feb 02 16:12:54 GMT+06:00 2026,GET,https://amarsolution.xyz/elmah.axd,200,OK,232,460,524
2700,Mon Feb 02 16:12:54 GMT+06:00 2026,Mon Feb 02 16:12:54 GMT+06:00 2026,GET,https://amarsolution.xyz/assets,301,Moved Permanently,64,429,178
2702,Mon Feb 02 16:12:54 GMT+06:00 2026,Mon Feb 02 16:12:54 GMT+06:00 2026,GET,https://amarsolution.xyz/backend,200,OK,79,460,524
2703,Mon Feb 02 16:12:54 GMT+06:00 2026,Mon Feb 02 16:12:54 GMT+06:00 2026,GET,https://amarsolution.xyz/assets/trace.axd,200,OK,64,460,524
2706,Mon Feb 02 16:12:54 GMT+06:00 2026,Mon Feb 02 16:12:54 GMT+06:00 2026,GET,https://amarsolution.xyz/backend/main,301,Moved Permanently,83,435,178
2708,Mon Feb 02 16:12:54 GMT+06:00 2026,Mon Feb 02 16:12:54 GMT+06:00 2026,GET,https://amarsolution.xyz/backend/trace.axd,200,OK,63,460,524
2709,Mon Feb 02 16:12:54 GMT+06:00 2026,Mon Feb 02 16:12:55 GMT+06:00 2026,GET,https://amarsolution.xyz/backend/main/api,404,Not Found,187,440,29
2714,Mon Feb 02 16:12:55 GMT+06:00 2026,Mon Feb 02 16:12:55 GMT+06:00 2026,GET,https://amarsolution.xyz/backend/main/trace.axd,404,Not Found,142,440,29
2717,Mon Feb 02 16:12:55 GMT+06:00 2026,Mon Feb 02 16:12:55 GMT+06:00 2026,GET,https://amarsolution.xyz/backend/main/api/trace.axd,404,Not Found,296,472,29
2719,Mon Feb 02 16:12:55 GMT+06:00 2026,Mon Feb 02 16:12:55 GMT+06:00 2026,GET,https://amarsolution.xyz,200,OK,189,460,524
2720,Mon Feb 02 16:12:55 GMT+06:00 2026,Mon Feb 02 16:12:55 GMT+06:00 2026,GET,https://amarsolution.xyz/.htaccess,403,Forbidden,192,377,162
2723,Mon Feb 02 16:12:55 GMT+06:00 2026,Mon Feb 02 16:12:55 GMT+06:00 2026,GET,https://amarsolution.xyz/assets,301,Moved Permanently,79,429,178
2727,Mon Feb 02 16:12:55 GMT+06:00 2026,Mon Feb 02 16:12:55 GMT+06:00 2026,GET,https://amarsolution.xyz/backend,200,OK,72,460,524
2730,Mon Feb 02 16:12:55 GMT+06:00 2026,Mon Feb 02 16:12:55 GMT+06:00 2026,GET,https://amarsolution.xyz/backend/main,301,Moved Permanently,64,435,178
2736,Mon Feb 02 16:12:55 GMT+06:00 2026,Mon Feb 02 16:12:55 GMT+06:00 2026,GET,https://amarsolution.xyz/backend/main/api,404,Not Found,148,440,29
2740,Mon Feb 02 16:12:55 GMT+06:00 2026,Mon Feb 02 16:12:56 GMT+06:00 2026,GET,https://amarsolution.xyz/assets/.htaccess,403,Forbidden,217,377,162
2741,Mon Feb 02 16:12:55 GMT+06:00 2026,Mon Feb 02 16:12:56 GMT+06:00 2026,GET,https://amarsolution.xyz/backend/.htaccess,403,Forbidden,220,377,162
2744,Mon Feb 02 16:12:55 GMT+06:00 2026,Mon Feb 02 16:12:56 GMT+06:00 2026,GET,https://amarsolution.xyz/backend/main/.htaccess,403,Forbidden,211,377,162
2745,Mon Feb 02 16:12:55 GMT+06:00 2026,Mon Feb 02 16:12:56 GMT+06:00 2026,GET,https://amarsolution.xyz/backend/main/api/.htaccess,403,Forbidden,226,377,162
2747,Mon Feb 02 16:12:56 GMT+06:00 2026,Mon Feb 02 16:12:56 GMT+06:00 2026,GET,https://amarsolution.xyz,200,OK,65,460,524
2750,Mon Feb 02 16:12:56 GMT+06:00 2026,Mon Feb 02 16:12:56 GMT+06:00 2026,GET,https://amarsolution.xyz/assets,301,Moved Permanently,65,429,178
2751,Mon Feb 02 16:12:56 GMT+06:00 2026,Mon Feb 02 16:12:56 GMT+06:00 2026,GET,https://amarsolution.xyz/.env,403,Forbidden,67,377,162
2753,Mon Feb 02 16:12:56 GMT+06:00 2026,Mon Feb 02 16:12:56 GMT+06:00 2026,GET,https://amarsolution.xyz/backend,200,OK,71,460,524
2755,Mon Feb 02 16:12:56 GMT+06:00 2026,Mon Feb 02 16:12:56 GMT+06:00 2026,GET,https://amarsolution.xyz/assets/.env,403,Forbidden,67,377,162
2756,Mon Feb 02 16:12:56 GMT+06:00 2026,Mon Feb 02 16:12:56 GMT+06:00 2026,GET,https://amarsolution.xyz/backend/main,301,Moved Permanently,64,435,178
2759,Mon Feb 02 16:12:56 GMT+06:00 2026,Mon Feb 02 16:12:56 GMT+06:00 2026,GET,https://amarsolution.xyz/backend/main/api,404,Not Found,141,440,29
2775,Mon Feb 02 16:12:57 GMT+06:00 2026,Mon Feb 02 16:12:57 GMT+06:00 2026,GET,https://amarsolution.xyz/backend/.env,403,Forbidden,198,377,162
2776,Mon Feb 02 16:12:57 GMT+06:00 2026,Mon Feb 02 16:12:57 GMT+06:00 2026,GET,https://amarsolution.xyz/backend/main/api/.env,403,Forbidden,195,377,162
2777,Mon Feb 02 16:12:57 GMT+06:00 2026,Mon Feb 02 16:12:57 GMT+06:00 2026,GET,https://amarsolution.xyz/backend/main/.env,403,Forbidden,217,377,162
2779,Mon Feb 02 16:12:57 GMT+06:00 2026,Mon Feb 02 16:12:57 GMT+06:00 2026,GET,https://amarsolution.xyz,200,OK,64,460,524
2780,Mon Feb 02 16:12:57 GMT+06:00 2026,Mon Feb 02 16:12:57 GMT+06:00 2026,GET,https://amarsolution.xyz/actuator/health,200,OK,64,460,524
2781,Mon Feb 02 16:12:57 GMT+06:00 2026,Mon Feb 02 16:12:57 GMT+06:00 2026,GET,https://amarsolution.xyz/zap1686289555005733117,200,OK,73,460,524
2784,Mon Feb 02 16:12:57 GMT+06:00 2026,Mon Feb 02 16:12:57 GMT+06:00 2026,GET,https://amarsolution.xyz/actuator/health,200,OK,63,460,524
2785,Mon Feb 02 16:12:57 GMT+06:00 2026,Mon Feb 02 16:12:57 GMT+06:00 2026,GET,https://amarsolution.xyz/assets,301,Moved Permanently,63,429,178
2787,Mon Feb 02 16:12:57 GMT+06:00 2026,Mon Feb 02 16:12:57 GMT+06:00 2026,GET,https://amarsolution.xyz/.zap5650338980881070728,403,Forbidden,68,377,162
2789,Mon Feb 02 16:12:57 GMT+06:00 2026,Mon Feb 02 16:12:57 GMT+06:00 2026,GET,https://amarsolution.xyz/backend,200,OK,65,460,524
2790,Mon Feb 02 16:12:57 GMT+06:00 2026,Mon Feb 02 16:12:57 GMT+06:00 2026,GET,https://amarsolution.xyz/lfm.php,404,Not Found,71,164,162
2793,Mon Feb 02 16:12:57 GMT+06:00 2026,Mon Feb 02 16:12:57 GMT+06:00 2026,GET,https://amarsolution.xyz/backend/main,301,Moved Permanently,71,435,178
2794,Mon Feb 02 16:12:57 GMT+06:00 2026,Mon Feb 02 16:12:57 GMT+06:00 2026,GET,https://amarsolution.xyz/.idea/WebServers.xml,403,Forbidden,73,377,162
2796,Mon Feb 02 16:12:57 GMT+06:00 2026,Mon Feb 02 16:12:58 GMT+06:00 2026,GET,https://amarsolution.xyz/config/databases.yml,200,OK,76,460,524
2797,Mon Feb 02 16:12:57 GMT+06:00 2026,Mon Feb 02 16:12:58 GMT+06:00 2026,GET,https://amarsolution.xyz/backend/main/api,404,Not Found,144,440,29
2798,Mon Feb 02 16:12:58 GMT+06:00 2026,Mon Feb 02 16:12:58 GMT+06:00 2026,GET,https://amarsolution.xyz/config/database.yml,200,OK,71,460,524
2800,Mon Feb 02 16:12:58 GMT+06:00 2026,Mon Feb 02 16:12:58 GMT+06:00 2026,GET,https://amarsolution.xyz/.git/config,403,Forbidden,70,377,162
2805,Mon Feb 02 16:12:58 GMT+06:00 2026,Mon Feb 02 16:12:58 GMT+06:00 2026,GET,https://amarsolution.xyz/.svn/entries,403,Forbidden,79,377,162
2808,Mon Feb 02 16:12:58 GMT+06:00 2026,Mon Feb 02 16:12:58 GMT+06:00 2026,GET,https://amarsolution.xyz/.svn/wc.db,403,Forbidden,76,377,162
2810,Mon Feb 02 16:12:58 GMT+06:00 2026,Mon Feb 02 16:12:58 GMT+06:00 2026,GET,https://amarsolution.xyz/CVS/root,200,OK,76,460,524
2815,Mon Feb 02 16:12:58 GMT+06:00 2026,Mon Feb 02 16:12:58 GMT+06:00 2026,GET,https://amarsolution.xyz/server-status,200,OK,74,460,524
2817,Mon Feb 02 16:12:58 GMT+06:00 2026,Mon Feb 02 16:12:58 GMT+06:00 2026,GET,https://amarsolution.xyz/core,200,OK,76,460,524
2821,Mon Feb 02 16:12:58 GMT+06:00 2026,Mon Feb 02 16:12:58 GMT+06:00 2026,GET,https://amarsolution.xyz/sftp-config.json,200,OK,77,460,524
2824,Mon Feb 02 16:12:58 GMT+06:00 2026,Mon Feb 02 16:12:58 GMT+06:00 2026,GET,https://amarsolution.xyz/WS_FTP.ini,200,OK,77,460,524
2827,Mon Feb 02 16:12:58 GMT+06:00 2026,Mon Feb 02 16:12:58 GMT+06:00 2026,GET,https://amarsolution.xyz/ws_ftp.ini,200,OK,61,460,524
2831,Mon Feb 02 16:12:58 GMT+06:00 2026,Mon Feb 02 16:12:58 GMT+06:00 2026,GET,https://amarsolution.xyz/WS_FTP.INI,200,OK,62,460,524
2833,Mon Feb 02 16:12:58 GMT+06:00 2026,Mon Feb 02 16:12:58 GMT+06:00 2026,GET,https://amarsolution.xyz/filezilla.xml,200,OK,74,460,524
2835,Mon Feb 02 16:12:58 GMT+06:00 2026,Mon Feb 02 16:12:58 GMT+06:00 2026,GET,https://amarsolution.xyz/sitemanager.xml,200,OK,64,460,524
2836,Mon Feb 02 16:12:58 GMT+06:00 2026,Mon Feb 02 16:12:59 GMT+06:00 2026,GET,https://amarsolution.xyz/FileZilla.xml,200,OK,64,460,524
2838,Mon Feb 02 16:12:59 GMT+06:00 2026,Mon Feb 02 16:12:59 GMT+06:00 2026,GET,https://amarsolution.xyz/winscp.ini,200,OK,70,460,524
2840,Mon Feb 02 16:12:59 GMT+06:00 2026,Mon Feb 02 16:12:59 GMT+06:00 2026,GET,https://amarsolution.xyz/WinSCP.ini,200,OK,61,460,524
2841,Mon Feb 02 16:12:59 GMT+06:00 2026,Mon Feb 02 16:12:59 GMT+06:00 2026,GET,https://amarsolution.xyz/.DS_Store,403,Forbidden,61,377,162
2843,Mon Feb 02 16:12:59 GMT+06:00 2026,Mon Feb 02 16:12:59 GMT+06:00 2026,GET,https://amarsolution.xyz/.php_cs.cache,403,Forbidden,63,377,162
2845,Mon Feb 02 16:12:59 GMT+06:00 2026,Mon Feb 02 16:12:59 GMT+06:00 2026,GET,https://amarsolution.xyz/DEADJOE,200,OK,63,460,524
2847,Mon Feb 02 16:12:59 GMT+06:00 2026,Mon Feb 02 16:12:59 GMT+06:00 2026,GET,https://amarsolution.xyz/sites/default/private/files/backup_migrate/scheduled/test.txt,200,OK,59,460,524
2849,Mon Feb 02 16:12:59 GMT+06:00 2026,Mon Feb 02 16:12:59 GMT+06:00 2026,GET,https://amarsolution.xyz/app/etc/local.xml,200,OK,62,460,524
2851,Mon Feb 02 16:12:59 GMT+06:00 2026,Mon Feb 02 16:12:59 GMT+06:00 2026,GET,https://amarsolution.xyz/server.key,200,OK,57,460,524
2852,Mon Feb 02 16:12:59 GMT+06:00 2026,Mon Feb 02 16:12:59 GMT+06:00 2026,GET,https://amarsolution.xyz/privatekey.key,200,OK,60,460,524
2854,Mon Feb 02 16:12:59 GMT+06:00 2026,Mon Feb 02 16:12:59 GMT+06:00 2026,GET,https://amarsolution.xyz/myserver.key,200,OK,59,460,524
2856,Mon Feb 02 16:12:59 GMT+06:00 2026,Mon Feb 02 16:12:59 GMT+06:00 2026,GET,https://amarsolution.xyz/key.pem,200,OK,63,460,524
2858,Mon Feb 02 16:12:59 GMT+06:00 2026,Mon Feb 02 16:12:59 GMT+06:00 2026,GET,https://amarsolution.xyz/id_rsa,200,OK,62,460,524
2860,Mon Feb 02 16:12:59 GMT+06:00 2026,Mon Feb 02 16:12:59 GMT+06:00 2026,GET,https://amarsolution.xyz/id_dsa,200,OK,69,460,524
2861,Mon Feb 02 16:12:59 GMT+06:00 2026,Mon Feb 02 16:13:00 GMT+06:00 2026,GET,https://amarsolution.xyz/.ssh/id_rsa,403,Forbidden,59,377,162
2863,Mon Feb 02 16:13:00 GMT+06:00 2026,Mon Feb 02 16:13:00 GMT+06:00 2026,GET,https://amarsolution.xyz/.ssh/id_dsa,403,Forbidden,63,377,162
2864,Mon Feb 02 16:13:00 GMT+06:00 2026,Mon Feb 02 16:13:00 GMT+06:00 2026,GET,https://amarsolution.xyz/adminer.php,404,Not Found,63,164,162
2867,Mon Feb 02 16:13:00 GMT+06:00 2026,Mon Feb 02 16:13:00 GMT+06:00 2026,GET,https://amarsolution.xyz/vb_test.php,404,Not Found,63,164,162
2868,Mon Feb 02 16:13:00 GMT+06:00 2026,Mon Feb 02 16:13:00 GMT+06:00 2026,GET,https://amarsolution.xyz/CHANGELOG.txt,200,OK,67,460,524
2869,Mon Feb 02 16:13:00 GMT+06:00 2026,Mon Feb 02 16:13:00 GMT+06:00 2026,GET,https://amarsolution.xyz/sites/default/files/.ht.sqlite,403,Forbidden,58,377,162
2870,Mon Feb 02 16:13:00 GMT+06:00 2026,Mon Feb 02 16:13:00 GMT+06:00 2026,GET,https://amarsolution.xyz/composer.json,200,OK,61,460,524
2872,Mon Feb 02 16:13:00 GMT+06:00 2026,Mon Feb 02 16:13:00 GMT+06:00 2026,GET,https://amarsolution.xyz/composer.lock,200,OK,61,460,524
2874,Mon Feb 02 16:13:00 GMT+06:00 2026,Mon Feb 02 16:13:00 GMT+06:00 2026,GET,https://amarsolution.xyz/vim_settings.xml,200,OK,62,460,524
2876,Mon Feb 02 16:13:00 GMT+06:00 2026,Mon Feb 02 16:13:00 GMT+06:00 2026,GET,https://amarsolution.xyz/server-info,200,OK,74,460,524
2878,Mon Feb 02 16:13:00 GMT+06:00 2026,Mon Feb 02 16:13:00 GMT+06:00 2026,GET,https://amarsolution.xyz/phpinfo.php,404,Not Found,70,164,162
2879,Mon Feb 02 16:13:00 GMT+06:00 2026,Mon Feb 02 16:13:00 GMT+06:00 2026,GET,https://amarsolution.xyz/info.php,404,Not Found,66,164,162
2880,Mon Feb 02 16:13:00 GMT+06:00 2026,Mon Feb 02 16:13:00 GMT+06:00 2026,GET,https://amarsolution.xyz/i.php,404,Not Found,68,164,162
2882,Mon Feb 02 16:13:00 GMT+06:00 2026,Mon Feb 02 16:13:00 GMT+06:00 2026,GET,https://amarsolution.xyz/test.php,404,Not Found,61,164,162
2883,Mon Feb 02 16:13:00 GMT+06:00 2026,Mon Feb 02 16:13:00 GMT+06:00 2026,GET,https://amarsolution.xyz/_wpeprivate/config.json,200,OK,71,460,524
2884,Mon Feb 02 16:13:00 GMT+06:00 2026,Mon Feb 02 16:13:00 GMT+06:00 2026,GET,https://amarsolution.xyz/_framework/blazor.boot.json,200,OK,62,460,524
2888,Mon Feb 02 16:13:00 GMT+06:00 2026,Mon Feb 02 16:13:01 GMT+06:00 2026,GET,https://amarsolution.xyz/.hg,403,Forbidden,61,377,162
2889,Mon Feb 02 16:13:01 GMT+06:00 2026,Mon Feb 02 16:13:01 GMT+06:00 2026,GET,https://amarsolution.xyz/.bzr,403,Forbidden,60,377,162
2894,Mon Feb 02 16:13:01 GMT+06:00 2026,Mon Feb 02 16:13:01 GMT+06:00 2026,GET,https://amarsolution.xyz/._darcs,403,Forbidden,72,377,162
2896,Mon Feb 02 16:13:01 GMT+06:00 2026,Mon Feb 02 16:13:01 GMT+06:00 2026,GET,https://amarsolution.xyz/BitKeeper,200,OK,61,460,524
2898,Mon Feb 02 16:13:01 GMT+06:00 2026,Mon Feb 02 16:13:01 GMT+06:00 2026,GET,https://amarsolution.xyz,200,OK,59,460,524
2900,Mon Feb 02 16:13:01 GMT+06:00 2026,Mon Feb 02 16:13:01 GMT+06:00 2026,GET,https://amarsolution.xyz/assets,301,Moved Permanently,59,429,178
2902,Mon Feb 02 16:13:01 GMT+06:00 2026,Mon Feb 02 16:13:01 GMT+06:00 2026,GET,https://amarsolution.xyz/backend,200,OK,59,460,524
2903,Mon Feb 02 16:13:01 GMT+06:00 2026,Mon Feb 02 16:13:01 GMT+06:00 2026,GET,https://amarsolution.xyz/backend/main,301,Moved Permanently,60,435,178
2906,Mon Feb 02 16:13:01 GMT+06:00 2026,Mon Feb 02 16:13:01 GMT+06:00 2026,GET,https://amarsolution.xyz/backend/main/api,404,Not Found,139,440,29
2908,Mon Feb 02 16:13:01 GMT+06:00 2026,Mon Feb 02 16:13:01 GMT+06:00 2026,GET,https://amarsolution.xyz,200,OK,192,460,524
2911,Mon Feb 02 16:13:01 GMT+06:00 2026,Mon Feb 02 16:13:01 GMT+06:00 2026,GET,https://amarsolution.xyz/assets,301,Moved Permanently,62,429,178
2914,Mon Feb 02 16:13:01 GMT+06:00 2026,Mon Feb 02 16:13:01 GMT+06:00 2026,GET,http://amarsolution.xyz/assets,301,Moved Permanently,64,215,178
2915,Mon Feb 02 16:13:01 GMT+06:00 2026,Mon Feb 02 16:13:01 GMT+06:00 2026,GET,https://amarsolution.xyz/backend,200,OK,64,460,524
2916,Mon Feb 02 16:13:01 GMT+06:00 2026,Mon Feb 02 16:13:02 GMT+06:00 2026,GET,http://amarsolution.xyz/assets/login-beeda917.js,301,Moved Permanently,124,233,178
2918,Mon Feb 02 16:13:01 GMT+06:00 2026,Mon Feb 02 16:13:02 GMT+06:00 2026,GET,https://amarsolution.xyz/backend/main,301,Moved Permanently,70,435,178
2919,Mon Feb 02 16:13:01 GMT+06:00 2026,Mon Feb 02 16:13:02 GMT+06:00 2026,GET,http://amarsolution.xyz/assets/index-f776b6eb.css,301,Moved Permanently,136,234,178
2920,Mon Feb 02 16:13:02 GMT+06:00 2026,Mon Feb 02 16:13:02 GMT+06:00 2026,GET,http://amarsolution.xyz/backend/main,301,Moved Permanently,65,221,178
2923,Mon Feb 02 16:13:02 GMT+06:00 2026,Mon Feb 02 16:13:02 GMT+06:00 2026,GET,https://amarsolution.xyz/backend/main/api,404,Not Found,200,440,29
2925,Mon Feb 02 16:13:02 GMT+06:00 2026,Mon Feb 02 16:13:02 GMT+06:00 2026,GET,http://amarsolution.xyz/vite.svg,301,Moved Permanently,65,217,178
2927,Mon Feb 02 16:13:02 GMT+06:00 2026,Mon Feb 02 16:13:02 GMT+06:00 2026,GET,http://amarsolution.xyz/assets/index-e46c8535.js,301,Moved Permanently,63,233,178
2933,Mon Feb 02 16:13:02 GMT+06:00 2026,Mon Feb 02 16:13:02 GMT+06:00 2026,GET,https://amarsolution.xyz,200,OK,229,460,524
2935,Mon Feb 02 16:13:02 GMT+06:00 2026,Mon Feb 02 16:13:02 GMT+06:00 2026,GET,https://amarsolution.xyz/assets,301,Moved Permanently,71,429,178
2937,Mon Feb 02 16:13:02 GMT+06:00 2026,Mon Feb 02 16:13:02 GMT+06:00 2026,GET,https://amarsolution.xyz/backend,200,OK,70,460,524
2939,Mon Feb 02 16:13:02 GMT+06:00 2026,Mon Feb 02 16:13:02 GMT+06:00 2026,GET,https://amarsolution.xyz/backend/main,301,Moved Permanently,82,435,178
2941,Mon Feb 02 16:13:02 GMT+06:00 2026,Mon Feb 02 16:13:03 GMT+06:00 2026,GET,https://amarsolution.xyz/backend/main/api,404,Not Found,170,440,29
2943,Mon Feb 02 16:13:03 GMT+06:00 2026,Mon Feb 02 16:13:03 GMT+06:00 2026,GET,https://amarsolution.xyz,200,OK,56,460,524
2944,Mon Feb 02 16:13:03 GMT+06:00 2026,Mon Feb 02 16:13:03 GMT+06:00 2026,GET,https://amarsolution.xyz/assets,301,Moved Permanently,58,429,178
2946,Mon Feb 02 16:13:03 GMT+06:00 2026,Mon Feb 02 16:13:03 GMT+06:00 2026,GET,https://amarsolution.xyz/,200,OK,197,460,524
2949,Mon Feb 02 16:13:03 GMT+06:00 2026,Mon Feb 02 16:13:03 GMT+06:00 2026,GET,https://amarsolution.xyz/assets,403,Forbidden,59,377,564
2951,Mon Feb 02 16:13:03 GMT+06:00 2026,Mon Feb 02 16:13:03 GMT+06:00 2026,GET,https://amarsolution.xyz/,200,OK,57,460,524
2953,Mon Feb 02 16:13:03 GMT+06:00 2026,Mon Feb 02 16:13:03 GMT+06:00 2026,GET,https://amarsolution.xyz,200,OK,235,460,524
2956,Mon Feb 02 16:13:03 GMT+06:00 2026,Mon Feb 02 16:13:03 GMT+06:00 2026,GET,https://amarsolution.xyz/,200,OK,57,460,524
2957,Mon Feb 02 16:13:03 GMT+06:00 2026,Mon Feb 02 16:13:03 GMT+06:00 2026,GET,https://amarsolution.xyz/backend,200,OK,222,460,524
2959,Mon Feb 02 16:13:03 GMT+06:00 2026,Mon Feb 02 16:13:03 GMT+06:00 2026,GET,https://amarsolution.xyz/assets,403,Forbidden,58,377,564
2962,Mon Feb 02 16:13:03 GMT+06:00 2026,Mon Feb 02 16:13:03 GMT+06:00 2026,GET,https://amarsolution.xyz,200,OK,77,460,524
2963,Mon Feb 02 16:13:03 GMT+06:00 2026,Mon Feb 02 16:13:03 GMT+06:00 2026,GET,https://amarsolution.xyz/assets/login-beeda917.js,200,OK,244,394,5433
2964,Mon Feb 02 16:13:03 GMT+06:00 2026,Mon Feb 02 16:13:03 GMT+06:00 2026,GET,https://amarsolution.xyz/,200,OK,59,460,524
2966,Mon Feb 02 16:13:03 GMT+06:00 2026,Mon Feb 02 16:13:03 GMT+06:00 2026,GET,https://amarsolution.xyz/backend/main,301,Moved Permanently,66,435,178
2968,Mon Feb 02 16:13:03 GMT+06:00 2026,Mon Feb 02 16:13:03 GMT+06:00 2026,GET,https://amarsolution.xyz/,200,OK,58,460,524
2969,Mon Feb 02 16:13:03 GMT+06:00 2026,Mon Feb 02 16:13:03 GMT+06:00 2026,GET,https://amarsolution.xyz,200,OK,63,460,524
2970,Mon Feb 02 16:13:03 GMT+06:00 2026,Mon Feb 02 16:13:03 GMT+06:00 2026,GET,https://amarsolution.xyz/assets/login-beeda917.js,200,OK,77,394,5433
2971,Mon Feb 02 16:13:03 GMT+06:00 2026,Mon Feb 02 16:13:03 GMT+06:00 2026,GET,https://amarsolution.xyz/assets,403,Forbidden,58,377,564
2974,Mon Feb 02 16:13:03 GMT+06:00 2026,Mon Feb 02 16:13:03 GMT+06:00 2026,GET,https://amarsolution.xyz/,200,OK,61,460,524
2975,Mon Feb 02 16:13:03 GMT+06:00 2026,Mon Feb 02 16:13:03 GMT+06:00 2026,GET,https://amarsolution.xyz,200,OK,76,460,524
2976,Mon Feb 02 16:13:03 GMT+06:00 2026,Mon Feb 02 16:13:03 GMT+06:00 2026,GET,https://amarsolution.xyz/assets/index-f776b6eb.css,200,OK,398,383,115912
2977,Mon Feb 02 16:13:03 GMT+06:00 2026,Mon Feb 02 16:13:03 GMT+06:00 2026,GET,https://amarsolution.xyz/assets/login-beeda917.js,200,OK,73,394,5433
2980,Mon Feb 02 16:13:03 GMT+06:00 2026,Mon Feb 02 16:13:03 GMT+06:00 2026,GET,https://amarsolution.xyz/,200,OK,60,460,524
2981,Mon Feb 02 16:13:03 GMT+06:00 2026,Mon Feb 02 16:13:03 GMT+06:00 2026,GET,https://amarsolution.xyz/backend,200,OK,215,460,524
2982,Mon Feb 02 16:13:03 GMT+06:00 2026,Mon Feb 02 16:13:03 GMT+06:00 2026,GET,https://amarsolution.xyz,200,OK,65,460,524
2983,Mon Feb 02 16:13:03 GMT+06:00 2026,Mon Feb 02 16:13:03 GMT+06:00 2026,GET,https://amarsolution.xyz/backend/main/api,404,Not Found,161,440,29
2984,Mon Feb 02 16:13:03 GMT+06:00 2026,Mon Feb 02 16:13:03 GMT+06:00 2026,GET,https://amarsolution.xyz/assets/index-f776b6eb.css,200,OK,69,383,115912
2985,Mon Feb 02 16:13:03 GMT+06:00 2026,Mon Feb 02 16:13:03 GMT+06:00 2026,GET,https://amarsolution.xyz/assets,403,Forbidden,62,377,162
2987,Mon Feb 02 16:13:03 GMT+06:00 2026,Mon Feb 02 16:13:03 GMT+06:00 2026,GET,https://amarsolution.xyz/assets/login-beeda917.js,200,OK,82,394,5433
2989,Mon Feb 02 16:13:03 GMT+06:00 2026,Mon Feb 02 16:13:03 GMT+06:00 2026,GET,https://amarsolution.xyz/,200,OK,68,460,524
2990,Mon Feb 02 16:13:03 GMT+06:00 2026,Mon Feb 02 16:13:03 GMT+06:00 2026,GET,https://amarsolution.xyz/backend,200,OK,68,460,524
2991,Mon Feb 02 16:13:03 GMT+06:00 2026,Mon Feb 02 16:13:03 GMT+06:00 2026,GET,https://amarsolution.xyz,200,OK,65,460,524
2992,Mon Feb 02 16:13:03 GMT+06:00 2026,Mon Feb 02 16:13:03 GMT+06:00 2026,GET,https://amarsolution.xyz/assets/index-f776b6eb.css,200,OK,72,383,115912
2994,Mon Feb 02 16:13:03 GMT+06:00 2026,Mon Feb 02 16:13:03 GMT+06:00 2026,GET,https://amarsolution.xyz/,200,OK,57,460,524
2995,Mon Feb 02 16:13:03 GMT+06:00 2026,Mon Feb 02 16:13:03 GMT+06:00 2026,GET,https://amarsolution.xyz/backend,200,OK,61,460,524
2996,Mon Feb 02 16:13:03 GMT+06:00 2026,Mon Feb 02 16:13:03 GMT+06:00 2026,GET,https://amarsolution.xyz/assets/login-beeda917.js,200,OK,90,394,5433
2997,Mon Feb 02 16:13:03 GMT+06:00 2026,Mon Feb 02 16:13:03 GMT+06:00 2026,GET,https://amarsolution.xyz,200,OK,84,460,524
2999,Mon Feb 02 16:13:03 GMT+06:00 2026,Mon Feb 02 16:13:03 GMT+06:00 2026,GET,https://amarsolution.xyz/assets,403,Forbidden,63,377,564
3001,Mon Feb 02 16:13:03 GMT+06:00 2026,Mon Feb 02 16:13:03 GMT+06:00 2026,GET,https://amarsolution.xyz/assets/index-f776b6eb.css,200,OK,76,383,115912
3002,Mon Feb 02 16:13:03 GMT+06:00 2026,Mon Feb 02 16:13:03 GMT+06:00 2026,GET,https://amarsolution.xyz/,200,OK,59,460,524
3003,Mon Feb 02 16:13:03 GMT+06:00 2026,Mon Feb 02 16:13:03 GMT+06:00 2026,GET,https://amarsolution.xyz/backend,200,OK,63,460,524
3004,Mon Feb 02 16:13:03 GMT+06:00 2026,Mon Feb 02 16:13:03 GMT+06:00 2026,GET,https://amarsolution.xyz/assets/login-beeda917.js,200,OK,75,394,5433
3006,Mon Feb 02 16:13:03 GMT+06:00 2026,Mon Feb 02 16:13:03 GMT+06:00 2026,GET,https://amarsolution.xyz,200,OK,76,460,524
3007,Mon Feb 02 16:13:03 GMT+06:00 2026,Mon Feb 02 16:13:03 GMT+06:00 2026,GET,https://amarsolution.xyz/backend/main,200,OK,78,1351,34565
3009,Mon Feb 02 16:13:03 GMT+06:00 2026,Mon Feb 02 16:13:03 GMT+06:00 2026,GET,https://amarsolution.xyz/,200,OK,61,460,524
3010,Mon Feb 02 16:13:03 GMT+06:00 2026,Mon Feb 02 16:13:03 GMT+06:00 2026,GET,https://amarsolution.xyz/assets/index-f776b6eb.css,200,OK,72,383,115912
3011,Mon Feb 02 16:13:03 GMT+06:00 2026,Mon Feb 02 16:13:03 GMT+06:00 2026,GET,https://amarsolution.xyz/backend,200,OK,64,460,524
3012,Mon Feb 02 16:13:03 GMT+06:00 2026,Mon Feb 02 16:13:03 GMT+06:00 2026,GET,https://amarsolution.xyz/assets/index-e46c8535.js,200,OK,721,399,4097806
3013,Mon Feb 02 16:13:03 GMT+06:00 2026,Mon Feb 02 16:13:03 GMT+06:00 2026,GET,https://amarsolution.xyz/assets/login-beeda917.js,200,OK,77,394,5433
3015,Mon Feb 02 16:13:03 GMT+06:00 2026,Mon Feb 02 16:13:03 GMT+06:00 2026,GET,https://amarsolution.xyz/,200,OK,56,460,524
3016,Mon Feb 02 16:13:03 GMT+06:00 2026,Mon Feb 02 16:13:03 GMT+06:00 2026,GET,https://amarsolution.xyz/assets,403,Forbidden,60,377,162
3018,Mon Feb 02 16:13:03 GMT+06:00 2026,Mon Feb 02 16:13:03 GMT+06:00 2026,GET,https://amarsolution.xyz,200,OK,66,460,524
3019,Mon Feb 02 16:13:03 GMT+06:00 2026,Mon Feb 02 16:13:03 GMT+06:00 2026,GET,https://amarsolution.xyz/assets/index-f776b6eb.css,200,OK,66,383,115912
3020,Mon Feb 02 16:13:03 GMT+06:00 2026,Mon Feb 02 16:13:03 GMT+06:00 2026,GET,https://amarsolution.xyz/backend,200,OK,61,460,524
3021,Mon Feb 02 16:13:04 GMT+06:00 2026,Mon Feb 02 16:13:04 GMT+06:00 2026,GET,https://amarsolution.xyz,200,OK,58,460,524
3022,Mon Feb 02 16:13:04 GMT+06:00 2026,Mon Feb 02 16:13:04 GMT+06:00 2026,GET,https://amarsolution.xyz/backend,200,OK,58,460,524
3023,Mon Feb 02 16:13:04 GMT+06:00 2026,Mon Feb 02 16:13:04 GMT+06:00 2026,GET,https://amarsolution.xyz/assets/login-beeda917.js,200,OK,65,394,5433
3026,Mon Feb 02 16:13:04 GMT+06:00 2026,Mon Feb 02 16:13:04 GMT+06:00 2026,GET,https://amarsolution.xyz,200,OK,57,460,524
3027,Mon Feb 02 16:13:04 GMT+06:00 2026,Mon Feb 02 16:13:04 GMT+06:00 2026,GET,https://amarsolution.xyz/backend,200,OK,60,460,524
3028,Mon Feb 02 16:13:04 GMT+06:00 2026,Mon Feb 02 16:13:04 GMT+06:00 2026,GET,https://amarsolution.xyz/assets/login-beeda917.js,200,OK,65,394,5433
3030,Mon Feb 02 16:13:04 GMT+06:00 2026,Mon Feb 02 16:13:04 GMT+06:00 2026,GET,https://amarsolution.xyz/assets,403,Forbidden,84,377,162
3032,Mon Feb 02 16:13:03 GMT+06:00 2026,Mon Feb 02 16:13:04 GMT+06:00 2026,GET,https://amarsolution.xyz/backend/main,200,OK,201,1351,34565
3034,Mon Feb 02 16:13:04 GMT+06:00 2026,Mon Feb 02 16:13:04 GMT+06:00 2026,GET,https://amarsolution.xyz,200,OK,149,460,524
3036,Mon Feb 02 16:13:04 GMT+06:00 2026,Mon Feb 02 16:13:04 GMT+06:00 2026,GET,https://amarsolution.xyz/assets/login-beeda917.js,200,OK,121,394,5433
3037,Mon Feb 02 16:13:04 GMT+06:00 2026,Mon Feb 02 16:13:04 GMT+06:00 2026,GET,https://amarsolution.xyz/backend,200,OK,125,460,524
3038,Mon Feb 02 16:13:04 GMT+06:00 2026,Mon Feb 02 16:13:04 GMT+06:00 2026,GET,https://amarsolution.xyz/assets/index-f776b6eb.css,200,OK,324,383,115912
3040,Mon Feb 02 16:13:04 GMT+06:00 2026,Mon Feb 02 16:13:04 GMT+06:00 2026,GET,https://amarsolution.xyz/backend/main/api,404,Not Found,161,440,29
3041,Mon Feb 02 16:13:04 GMT+06:00 2026,Mon Feb 02 16:13:04 GMT+06:00 2026,GET,https://amarsolution.xyz/assets,403,Forbidden,103,377,162
3043,Mon Feb 02 16:13:04 GMT+06:00 2026,Mon Feb 02 16:13:04 GMT+06:00 2026,GET,https://amarsolution.xyz/assets/login-beeda917.js,200,OK,57,394,5433
3044,Mon Feb 02 16:13:04 GMT+06:00 2026,Mon Feb 02 16:13:04 GMT+06:00 2026,GET,https://amarsolution.xyz/backend,200,OK,56,460,524
3046,Mon Feb 02 16:13:04 GMT+06:00 2026,Mon Feb 02 16:13:04 GMT+06:00 2026,GET,https://amarsolution.xyz/backend/main/api/user,401,Unauthorized,182,452,29
3047,Mon Feb 02 16:13:04 GMT+06:00 2026,Mon Feb 02 16:13:04 GMT+06:00 2026,GET,https://amarsolution.xyz/assets/login-beeda917.js,200,OK,64,394,5433
3048,Mon Feb 02 16:13:04 GMT+06:00 2026,Mon Feb 02 16:13:04 GMT+06:00 2026,GET,https://amarsolution.xyz/backend,200,OK,56,460,524
3049,Mon Feb 02 16:13:04 GMT+06:00 2026,Mon Feb 02 16:13:04 GMT+06:00 2026,GET,https://amarsolution.xyz/backend/main/api,404,Not Found,140,440,29
3050,Mon Feb 02 16:13:04 GMT+06:00 2026,Mon Feb 02 16:13:04 GMT+06:00 2026,GET,https://amarsolution.xyz/backend,200,OK,57,460,524
3051,Mon Feb 02 16:13:04 GMT+06:00 2026,Mon Feb 02 16:13:04 GMT+06:00 2026,GET,https://amarsolution.xyz/robots.txt,200,OK,59,460,524
3052,Mon Feb 02 16:13:04 GMT+06:00 2026,Mon Feb 02 16:13:04 GMT+06:00 2026,GET,https://amarsolution.xyz/assets/index-f776b6eb.css,200,OK,275,383,115912
3054,Mon Feb 02 16:13:04 GMT+06:00 2026,Mon Feb 02 16:13:04 GMT+06:00 2026,GET,https://amarsolution.xyz/backend/main/api,404,Not Found,149,440,29
3055,Mon Feb 02 16:13:04 GMT+06:00 2026,Mon Feb 02 16:13:04 GMT+06:00 2026,GET,https://amarsolution.xyz/assets,403,Forbidden,176,377,162
3057,Mon Feb 02 16:13:04 GMT+06:00 2026,Mon Feb 02 16:13:04 GMT+06:00 2026,GET,https://amarsolution.xyz/robots.txt,200,OK,77,460,524
3059,Mon Feb 02 16:13:04 GMT+06:00 2026,Mon Feb 02 16:13:04 GMT+06:00 2026,GET,https://amarsolution.xyz/assets/index-f776b6eb.css,200,OK,92,383,115912
3060,Mon Feb 02 16:13:04 GMT+06:00 2026,Mon Feb 02 16:13:04 GMT+06:00 2026,GET,https://amarsolution.xyz/backend/main,200,OK,57,1351,34565
3062,Mon Feb 02 16:13:04 GMT+06:00 2026,Mon Feb 02 16:13:04 GMT+06:00 2026,GET,https://amarsolution.xyz/robots.txt,200,OK,58,460,524
3063,Mon Feb 02 16:13:04 GMT+06:00 2026,Mon Feb 02 16:13:04 GMT+06:00 2026,GET,https://amarsolution.xyz/backend/main/api/user,401,Unauthorized,304,452,29
3065,Mon Feb 02 16:13:04 GMT+06:00 2026,Mon Feb 02 16:13:04 GMT+06:00 2026,GET,https://amarsolution.xyz/sitemap.xml,200,OK,216,460,524
3066,Mon Feb 02 16:13:04 GMT+06:00 2026,Mon Feb 02 16:13:04 GMT+06:00 2026,GET,https://amarsolution.xyz/assets/index-f776b6eb.css,200,OK,65,383,115912
3067,Mon Feb 02 16:13:04 GMT+06:00 2026,Mon Feb 02 16:13:04 GMT+06:00 2026,GET,https://amarsolution.xyz/assets,403,Forbidden,57,377,162
3069,Mon Feb 02 16:13:04 GMT+06:00 2026,Mon Feb 02 16:13:05 GMT+06:00 2026,GET,https://amarsolution.xyz/robots.txt,200,OK,56,460,524
3071,Mon Feb 02 16:13:04 GMT+06:00 2026,Mon Feb 02 16:13:05 GMT+06:00 2026,GET,https://amarsolution.xyz/sitemap.xml,200,OK,69,460,524
3072,Mon Feb 02 16:13:04 GMT+06:00 2026,Mon Feb 02 16:13:05 GMT+06:00 2026,GET,https://amarsolution.xyz/assets/index-f776b6eb.css,200,OK,74,383,115912
3073,Mon Feb 02 16:13:05 GMT+06:00 2026,Mon Feb 02 16:13:05 GMT+06:00 2026,GET,https://amarsolution.xyz/robots.txt,200,OK,57,460,524
3075,Mon Feb 02 16:13:05 GMT+06:00 2026,Mon Feb 02 16:13:05 GMT+06:00 2026,GET,https://amarsolution.xyz/sitemap.xml,200,OK,70,460,524
3076,Mon Feb 02 16:13:05 GMT+06:00 2026,Mon Feb 02 16:13:05 GMT+06:00 2026,GET,https://amarsolution.xyz/assets,403,Forbidden,57,377,162
3078,Mon Feb 02 16:13:04 GMT+06:00 2026,Mon Feb 02 16:13:05 GMT+06:00 2026,GET,https://amarsolution.xyz/backend/main/api,404,Not Found,279,440,29
3079,Mon Feb 02 16:13:05 GMT+06:00 2026,Mon Feb 02 16:13:05 GMT+06:00 2026,GET,https://amarsolution.xyz/robots.txt,200,OK,59,460,524
3080,Mon Feb 02 16:13:05 GMT+06:00 2026,Mon Feb 02 16:13:05 GMT+06:00 2026,GET,https://amarsolution.xyz/assets/index-f776b6eb.css,200,OK,65,383,115912
3082,Mon Feb 02 16:13:05 GMT+06:00 2026,Mon Feb 02 16:13:05 GMT+06:00 2026,GET,https://amarsolution.xyz/sitemap.xml,200,OK,69,460,524
3083,Mon Feb 02 16:13:04 GMT+06:00 2026,Mon Feb 02 16:13:05 GMT+06:00 2026,GET,https://amarsolution.xyz/backend/main/api/user,401,Unauthorized,259,452,29
3084,Mon Feb 02 16:13:05 GMT+06:00 2026,Mon Feb 02 16:13:05 GMT+06:00 2026,GET,https://amarsolution.xyz/vite.svg,200,OK,65,361,1497
3086,Mon Feb 02 16:13:05 GMT+06:00 2026,Mon Feb 02 16:13:05 GMT+06:00 2026,GET,https://amarsolution.xyz/assets,403,Forbidden,58,377,564
3088,Mon Feb 02 16:13:05 GMT+06:00 2026,Mon Feb 02 16:13:05 GMT+06:00 2026,GET,https://amarsolution.xyz/sitemap.xml,200,OK,73,460,524
3089,Mon Feb 02 16:13:05 GMT+06:00 2026,Mon Feb 02 16:13:05 GMT+06:00 2026,GET,https://amarsolution.xyz/backend/main/api,404,Not Found,134,440,29
3090,Mon Feb 02 16:13:04 GMT+06:00 2026,Mon Feb 02 16:13:05 GMT+06:00 2026,GET,https://amarsolution.xyz/assets/index-e46c8535.js,200,OK,1249,399,4097806
3091,Mon Feb 02 16:13:05 GMT+06:00 2026,Mon Feb 02 16:13:05 GMT+06:00 2026,GET,https://amarsolution.xyz/vite.svg,200,OK,64,361,1497
3092,Mon Feb 02 16:13:05 GMT+06:00 2026,Mon Feb 02 16:13:05 GMT+06:00 2026,GET,https://amarsolution.xyz/robots.txt,200,OK,175,460,524
3094,Mon Feb 02 16:13:05 GMT+06:00 2026,Mon Feb 02 16:13:05 GMT+06:00 2026,GET,https://amarsolution.xyz/sitemap.xml,200,OK,69,460,524
3095,Mon Feb 02 16:13:04 GMT+06:00 2026,Mon Feb 02 16:13:05 GMT+06:00 2026,GET,https://amarsolution.xyz/backend/main,200,OK,192,1351,34565
3097,Mon Feb 02 16:13:05 GMT+06:00 2026,Mon Feb 02 16:13:05 GMT+06:00 2026,GET,https://amarsolution.xyz/backend/main/api,404,Not Found,142,440,29
3098,Mon Feb 02 16:13:05 GMT+06:00 2026,Mon Feb 02 16:13:05 GMT+06:00 2026,GET,https://amarsolution.xyz/backend/main/api/user,401,Unauthorized,268,452,29
3099,Mon Feb 02 16:13:05 GMT+06:00 2026,Mon Feb 02 16:13:05 GMT+06:00 2026,GET,https://amarsolution.xyz/robots.txt,200,OK,56,460,524
3100,Mon Feb 02 16:13:05 GMT+06:00 2026,Mon Feb 02 16:13:05 GMT+06:00 2026,GET,https://amarsolution.xyz/sitemap.xml,200,OK,67,460,524
3102,Mon Feb 02 16:13:05 GMT+06:00 2026,Mon Feb 02 16:13:05 GMT+06:00 2026,GET,https://amarsolution.xyz/vite.svg,200,OK,72,361,1497
3103,Mon Feb 02 16:13:05 GMT+06:00 2026,Mon Feb 02 16:13:05 GMT+06:00 2026,GET,https://amarsolution.xyz/robots.txt,200,OK,57,460,524
3104,Mon Feb 02 16:13:05 GMT+06:00 2026,Mon Feb 02 16:13:05 GMT+06:00 2026,GET,https://amarsolution.xyz/vite.svg,200,OK,64,361,1497
3106,Mon Feb 02 16:13:05 GMT+06:00 2026,Mon Feb 02 16:13:05 GMT+06:00 2026,GET,https://amarsolution.xyz/sitemap.xml,200,OK,75,460,524
3107,Mon Feb 02 16:13:05 GMT+06:00 2026,Mon Feb 02 16:13:05 GMT+06:00 2026,GET,https://amarsolution.xyz/robots.txt,200,OK,57,460,524
3108,Mon Feb 02 16:13:05 GMT+06:00 2026,Mon Feb 02 16:13:05 GMT+06:00 2026,GET,https://amarsolution.xyz/vite.svg,200,OK,62,361,1497
3110,Mon Feb 02 16:13:05 GMT+06:00 2026,Mon Feb 02 16:13:05 GMT+06:00 2026,GET,https://amarsolution.xyz/sitemap.xml,200,OK,66,460,524
3111,Mon Feb 02 16:13:05 GMT+06:00 2026,Mon Feb 02 16:13:05 GMT+06:00 2026,GET,https://amarsolution.xyz/robots.txt,200,OK,57,460,524
3112,Mon Feb 02 16:13:05 GMT+06:00 2026,Mon Feb 02 16:13:05 GMT+06:00 2026,GET,https://amarsolution.xyz/vite.svg,200,OK,61,361,1497
3114,Mon Feb 02 16:13:05 GMT+06:00 2026,Mon Feb 02 16:13:05 GMT+06:00 2026,GET,https://amarsolution.xyz/sitemap.xml,200,OK,72,460,524
3115,Mon Feb 02 16:13:05 GMT+06:00 2026,Mon Feb 02 16:13:05 GMT+06:00 2026,GET,https://amarsolution.xyz/backend/main/api,404,Not Found,280,440,29
3116,Mon Feb 02 16:13:05 GMT+06:00 2026,Mon Feb 02 16:13:05 GMT+06:00 2026,GET,https://amarsolution.xyz/robots.txt,200,OK,66,460,524
3117,Mon Feb 02 16:13:05 GMT+06:00 2026,Mon Feb 02 16:13:05 GMT+06:00 2026,GET,https://amarsolution.xyz/backend/main/api/user,401,Unauthorized,279,452,29
3118,Mon Feb 02 16:13:05 GMT+06:00 2026,Mon Feb 02 16:13:05 GMT+06:00 2026,GET,https://amarsolution.xyz/vite.svg,200,OK,62,361,1497
3120,Mon Feb 02 16:13:05 GMT+06:00 2026,Mon Feb 02 16:13:05 GMT+06:00 2026,GET,https://amarsolution.xyz/sitemap.xml,200,OK,63,460,524
3121,Mon Feb 02 16:13:05 GMT+06:00 2026,Mon Feb 02 16:13:05 GMT+06:00 2026,GET,https://amarsolution.xyz/vite.svg,200,OK,64,361,1497
3123,Mon Feb 02 16:13:05 GMT+06:00 2026,Mon Feb 02 16:13:05 GMT+06:00 2026,GET,https://amarsolution.xyz/sitemap.xml,200,OK,73,460,524
3124,Mon Feb 02 16:13:05 GMT+06:00 2026,Mon Feb 02 16:13:05 GMT+06:00 2026,GET,https://amarsolution.xyz/backend/main/api/user,401,Unauthorized,161,452,29
3125,Mon Feb 02 16:13:05 GMT+06:00 2026,Mon Feb 02 16:13:05 GMT+06:00 2026,GET,https://amarsolution.xyz/vite.svg,200,OK,83,361,1497
3127,Mon Feb 02 16:13:05 GMT+06:00 2026,Mon Feb 02 16:13:06 GMT+06:00 2026,GET,https://amarsolution.xyz/vite.svg,200,OK,83,361,1497
3128,Mon Feb 02 16:13:05 GMT+06:00 2026,Mon Feb 02 16:13:05 GMT+06:00 2026,GET,https://amarsolution.xyz/backend/main,200,OK,224,1351,34565
3131,Mon Feb 02 16:13:06 GMT+06:00 2026,Mon Feb 02 16:13:06 GMT+06:00 2026,GET,https://amarsolution.xyz/vite.svg,200,OK,63,361,1497
3132,Mon Feb 02 16:13:05 GMT+06:00 2026,Mon Feb 02 16:13:06 GMT+06:00 2026,GET,https://amarsolution.xyz/backend/main/api,404,Not Found,343,440,29
3133,Mon Feb 02 16:13:05 GMT+06:00 2026,Mon Feb 02 16:13:06 GMT+06:00 2026,GET,https://amarsolution.xyz/backend/main/api/user,401,Unauthorized,166,452,29
3134,Mon Feb 02 16:13:06 GMT+06:00 2026,Mon Feb 02 16:13:06 GMT+06:00 2026,GET,https://amarsolution.xyz/vite.svg,200,OK,67,361,1497
3137,Mon Feb 02 16:13:05 GMT+06:00 2026,Mon Feb 02 16:13:06 GMT+06:00 2026,GET,https://amarsolution.xyz/assets/index-e46c8535.js,200,OK,915,399,4097806
3139,Mon Feb 02 16:13:06 GMT+06:00 2026,Mon Feb 02 16:13:06 GMT+06:00 2026,GET,https://amarsolution.xyz/backend/main,200,OK,64,1351,34565
3140,Mon Feb 02 16:13:06 GMT+06:00 2026,Mon Feb 02 16:13:06 GMT+06:00 2026,GET,https://amarsolution.xyz/backend/main/api,404,Not Found,353,440,29
3141,Mon Feb 02 16:13:06 GMT+06:00 2026,Mon Feb 02 16:13:06 GMT+06:00 2026,GET,https://amarsolution.xyz/backend/main/api/user,401,Unauthorized,361,452,29
3145,Mon Feb 02 16:13:06 GMT+06:00 2026,Mon Feb 02 16:13:06 GMT+06:00 2026,GET,https://amarsolution.xyz/backend/main/api,404,Not Found,152,440,29
3147,Mon Feb 02 16:13:06 GMT+06:00 2026,Mon Feb 02 16:13:07 GMT+06:00 2026,GET,https://amarsolution.xyz/backend/main/api/user,401,Unauthorized,276,452,29
3151,Mon Feb 02 16:13:06 GMT+06:00 2026,Mon Feb 02 16:13:06 GMT+06:00 2026,GET,https://amarsolution.xyz/backend/main,200,OK,217,1351,34565
3153,Mon Feb 02 16:13:06 GMT+06:00 2026,Mon Feb 02 16:13:07 GMT+06:00 2026,GET,https://amarsolution.xyz/backend/main/api,404,Not Found,322,440,29
3155,Mon Feb 02 16:13:07 GMT+06:00 2026,Mon Feb 02 16:13:07 GMT+06:00 2026,GET,https://amarsolution.xyz/backend/main/api/user,401,Unauthorized,261,452,29
3159,Mon Feb 02 16:13:07 GMT+06:00 2026,Mon Feb 02 16:13:07 GMT+06:00 2026,GET,https://amarsolution.xyz/backend/main/api,404,Not Found,290,440,29
3161,Mon Feb 02 16:13:07 GMT+06:00 2026,Mon Feb 02 16:13:07 GMT+06:00 2026,GET,https://amarsolution.xyz/backend/main/api/user,401,Unauthorized,305,452,29
3163,Mon Feb 02 16:13:07 GMT+06:00 2026,Mon Feb 02 16:13:07 GMT+06:00 2026,GET,https://amarsolution.xyz/backend/main,200,OK,194,1351,34565
3168,Mon Feb 02 16:13:07 GMT+06:00 2026,Mon Feb 02 16:13:07 GMT+06:00 2026,GET,https://amarsolution.xyz/backend/main/api/user,401,Unauthorized,289,452,29
3171,Mon Feb 02 16:13:07 GMT+06:00 2026,Mon Feb 02 16:13:07 GMT+06:00 2026,GET,https://amarsolution.xyz/backend/main,200,OK,202,1351,34565
3173,Mon Feb 02 16:13:06 GMT+06:00 2026,Mon Feb 02 16:13:08 GMT+06:00 2026,GET,https://amarsolution.xyz/assets/index-e46c8535.js,200,OK,1502,399,4097806
3178,Mon Feb 02 16:13:08 GMT+06:00 2026,Mon Feb 02 16:13:08 GMT+06:00 2026,GET,https://amarsolution.xyz/backend/main,200,OK,232,1351,34565
3182,Mon Feb 02 16:13:08 GMT+06:00 2026,Mon Feb 02 16:13:09 GMT+06:00 2026,GET,https://amarsolution.xyz/assets/index-e46c8535.js,200,OK,780,399,4097806
3187,Mon Feb 02 16:13:08 GMT+06:00 2026,Mon Feb 02 16:13:09 GMT+06:00 2026,GET,https://amarsolution.xyz/backend/main,200,OK,214,1351,34565
3194,Mon Feb 02 16:13:09 GMT+06:00 2026,Mon Feb 02 16:13:09 GMT+06:00 2026,GET,https://amarsolution.xyz/backend/main,200,OK,218,1351,34565
3198,Mon Feb 02 16:13:09 GMT+06:00 2026,Mon Feb 02 16:13:10 GMT+06:00 2026,GET,https://amarsolution.xyz/assets/index-e46c8535.js,200,OK,995,399,4097806
3239,Mon Feb 02 16:13:10 GMT+06:00 2026,Mon Feb 02 16:13:11 GMT+06:00 2026,GET,https://amarsolution.xyz/assets/index-e46c8535.js,200,OK,1292,399,4097806
3304,Mon Feb 02 16:13:11 GMT+06:00 2026,Mon Feb 02 16:13:12 GMT+06:00 2026,GET,https://amarsolution.xyz/assets/index-e46c8535.js,200,OK,1058,399,4097806
3330,Mon Feb 02 16:13:12 GMT+06:00 2026,Mon Feb 02 16:13:13 GMT+06:00 2026,GET,https://amarsolution.xyz/assets/index-e46c8535.js,200,OK,733,399,4097806
3363,Mon Feb 02 16:13:13 GMT+06:00 2026,Mon Feb 02 16:13:15 GMT+06:00 2026,GET,https://amarsolution.xyz/assets/index-e46c8535.js,200,OK,1555,399,4097806
3371,Mon Feb 02 16:13:15 GMT+06:00 2026,Mon Feb 02 16:13:15 GMT+06:00 2026,GET,https://amarsolution.xyz/assets/index-e46c8535.js,200,OK,532,399,4097806
3379,Mon Feb 02 16:13:16 GMT+06:00 2026,Mon Feb 02 16:13:16 GMT+06:00 2026,GET,https://amarsolution.xyz/assets/index-e46c8535.js,200,OK,684,399,4097806
3380,Mon Feb 02 16:13:17 GMT+06:00 2026,Mon Feb 02 16:13:17 GMT+06:00 2026,GET,https://amarsolution.xyz,200,OK,60,460,524
3383,Mon Feb 02 16:13:17 GMT+06:00 2026,Mon Feb 02 16:13:17 GMT+06:00 2026,GET,https://amarsolution.xyz/assets,301,Moved Permanently,61,429,178
3384,Mon Feb 02 16:13:17 GMT+06:00 2026,Mon Feb 02 16:13:17 GMT+06:00 2026,GET,https://amarsolution.xyz/backend,200,OK,63,460,524
3385,Mon Feb 02 16:13:17 GMT+06:00 2026,Mon Feb 02 16:13:17 GMT+06:00 2026,GET,https://amarsolution.xyz/backend/main,301,Moved Permanently,64,435,178
3387,Mon Feb 02 16:13:17 GMT+06:00 2026,Mon Feb 02 16:13:17 GMT+06:00 2026,GET,https://amarsolution.xyz/backend/main/api,404,Not Found,138,440,29
3390,Mon Feb 02 16:13:17 GMT+06:00 2026,Mon Feb 02 16:13:17 GMT+06:00 2026,GET,https://amarsolution.xyz,200,OK,194,460,524
3391,Mon Feb 02 16:13:17 GMT+06:00 2026,Mon Feb 02 16:13:17 GMT+06:00 2026,GET,https://amarsolution.xyz/assets,301,Moved Permanently,66,429,178
3392,Mon Feb 02 16:13:17 GMT+06:00 2026,Mon Feb 02 16:13:17 GMT+06:00 2026,GET,https://amarsolution.xyz/backend,200,OK,63,460,524
3394,Mon Feb 02 16:13:17 GMT+06:00 2026,Mon Feb 02 16:13:17 GMT+06:00 2026,GET,https://amarsolution.xyz/backend/main,301,Moved Permanently,64,435,178
3397,Mon Feb 02 16:13:18 GMT+06:00 2026,Mon Feb 02 16:13:18 GMT+06:00 2026,GET,https://amarsolution.xyz/backend/main/api,404,Not Found,154,440,29
